"Sample","Quality"
"Lane 1: 32 TTGAGCCT+TCATTCGA",35.99
"Lane 1: M2007_InteO_l12_K4m3_CdKO GGCGTCGA+CGGACTGC",34.66
"Lane 1: DK_05 CGGCTATG+AGGCGAAG",36.14
"Lane 1: M2007_InteO_l12_T4sc_CdKO TTCCATAT+ACATTCGT",35.15
"Lane 1: 4L1 ATATGGAT+CTGTATTA",36.12
"Lane 1: DK_19 TCTCGCGC+CCTATCCT",36.07
"Lane 1: JA05 GAACCGCG+TGACCTTA",35.95
"Lane 1: 44 GGTCCAGA+CGGTTCTT",35.85
"Lane 1: 55 GACAGTAA+GCGATTAC",35.77
"Lane 1: 27 TGTCGGAT+TCAGGCTT",35.58
"Lane 1: DICE_C1 ATTACTCG+TATAGCCT",36.06
"Lane 1: ENT3 GGAGCGTC+GTCCGTGC",36
"Lane 1: DK_B3L ATTCAGAA+CCTATCCT",36.07
"Lane 1: DK_08 CGGCTATG+GTACTGAC",36.12
"Lane 1: M2007_InteO_l12_K36m2_GWT ATAAGTTA+GCAGCCTC",34.79
"Lane 1: JA02 CTGCTTCC+GATAGATC",36.05
"Lane 1: EH1 AAGATACT+ACTTACAT",35.98
"Lane 1: DK_16 TCCGCGAA+GTACTGAC",36.05
"Lane 1: AM_E3 GAATTCGT+CCTATCCT",36.09
"Lane 1: 31 AAGGATGT+CACTTCAT",35.33
"Lane 1: 35 CATGCTTA+ATGAATTA",35.78
"Lane 1: M2007_M7_YPabc_wt CTCTCTAC+AAGGAGTA",35.13
"Lane 1: RP_sCas9_1 ATTACTCG+CCTATCCT",32.71
"Lane 1: 11_1_4 GACGTCTT+GGTTCACC",36.04
"Lane 1: NK05_w1118_5wk GTTCCAAT+AATTCTGC",36.03
"Lane 1: DK_21 TCTCGCGC+AGGCGAAG",36.12
"Lane 1: DICE_L1 CGCTCATT+TATAGCCT",36.05
"Lane 1: 29 AGCAATTC+CTGCTCCT",35.96
"Lane 1: CMYC_F_2 CGCTCATT+TAATCTTA",35.25
"Lane 1: DK_09 TCCGCGAA+TATAGCCT",36.07
"Lane 1: JA06 CTCACCAA+CTAGGCAA",35.98
"Lane 1: M2007_InteO_l12_K9m3_GWT ACAAAGTG+AGCCGTTC",34.53
"Lane 1: RP_sCas9_6 ATTACTCG+GTACTGAC",33.05
"Lane 1: M2007_M7_K36m2_wt TGCTGGGT+GTGTATCG",35.06
"Lane 1: M2007_InteO_l12_K27m3_GWT GTGATAGC+TGCATACT",34.58
"Lane 1: CMYC_F3H_1 CGCTCATT+CCTATCCT",35.31
"Lane 1: DK_13 TCCGCGAA+AGGCGAAG",35.98
"Lane 1: 11_1_1 TGGCCGGT+TAGAGCGC",35.97
"Lane 1: M2007_InteO_l12_T4sc_GWT CGCGGACA+GGTTCAAT",35.27
"Lane 1: 2 GCCACAGG+CATGCCAT",35.78
"Lane 1: DICE_P2 CGCTCATT+ATAGAGGC",36.05
"Lane 1: M2007_InteO_l12_K36m2_CdKO ATCACTCG+TCCGAGTT",35.11
"Lane 1: M2007_M7_K27ac_wt TAAGGCGA+TAGATCGC",34.59
"Lane 1: M2007_InteO_l12_K27m3_CdKO AGTAGATT+GGGCTTGG",34.71
"Lane 1: M2007_InteO_l12_YPabc_GWT GTGTGGTG+TTCGTGCA",35.54
"Lane 1: DK_A1R CTGAAGCT+ATAGAGGC",36.02
"Lane 1: RP_sCas9_4 ATTACTCG+TAATCTTA",32.45
"Lane 1: MB_1 GAGATTCC+TATAGCCT",36.11
"Lane 1: CMYC_F3H_2 CGCTCATT+GGCTCTGA",35.29
"Lane 1: DICE_L2 ATTACTCG+ATAGAGGC",36.07
"Lane 1: DK_E2L ATTCAGAA+GTACTGAC",36.04
"Lane 1: M2007_M7_K9m3_wt TGGATCTG+TTTCTAGC",34.4
"Lane 1: YH1 ATGGCATG+AAGGTACC",35.89
"Lane 1: JA03 TCATCCTT+AGCGAGCT",35.98
"Lane 1: DK_A1L CTGAAGCT+TATAGCCT",36.12
"Lane 1: RP_sCas9_2 ATTACTCG+GGCTCTGA",33
"Lane 1: DK_03 CGGCTATG+CCTATCCT",36.05
"Lane 1: 49 TTGAATAG+TCCATAAC",35.86
"Lane 1: Fe_HSC_5 GCGCTCTA+GCTCCGAC",35.9
"Lane 1: DK_B2L TAATGCGC+GGCTCTGA",35.98
"Lane 1: AM_E1 GAGATTCC+CCTATCCT",36.09
"Lane 1: MB_2 GAGATTCC+ATAGAGGC",36.1
"Lane 1: DK_01 CGGCTATG+TATAGCCT",36.08
"Lane 1: JA08 TATCGCAC+CTTAGTGT",36.02
"Lane 1: M2007_M7_K27ac_Eko17 AGGCAGAA+TATCCTCT",35.36
"Lane 1: CMYC_FH_2 GAGATTCC+GTACTGAC",35.43
"Lane 1: DK_A3R TAATGCGC+TATAGCCT",36.05
"Lane 1: DK_17 TCTCGCGC+TATAGCCT",36.09
"Lane 1: DK_A2L CTGAAGCT+CCTATCCT",36.06
"Lane 1: DK_B3R ATTCAGAA+ATAGAGGC",36.07
"Lane 1: DK_B1R TAATGCGC+CCTATCCT",36.02
"Lane 1: M2007_M7_K4m1_dko GTAGAGGA+GTCGGACT",35.63
"Lane 1: M2007_M7pit_CHAv3_wt TAGGCATG+ACTGCATA",35.39
"Lane 1: DK_22 TCTCGCGC+CAGGACGT",36.09
"Lane 1: M2007_InteO_l12_YPabc_CdKO TGGGTTTC+AGGTTGCC",34.39
"Lane 1: 47 AACTTGAC+GCTAGCAG",35.86
"Lane 1: DK_06 CGGCTATG+TAATCTTA",36.12
"Lane 1: 37 CATAGCGA+GACGGTTA",35.42
"Lane 1: 43 TGTTCCGA+TTAGCCAG",35.88
"Lane 1: DK_11 TCCGCGAA+CCTATCCT",36.02
"Lane 1: RP_sCas9_8 TCCGGAGA+GGCTCTGA",33.68
"Lane 1: 5 GTCTACAC+GCCAAGGT",35.82
"Lane 1: DK_04 CGGCTATG+GGCTCTGA",36.12
"Lane 1: 33 CACATCCT+GCTGCACT",35.8
"Lane 1: AM_S1 GAGATTCC+GGCTCTGA",36.11
"Lane 1: 26 GTATAACA+TGCTTCAC",35.91
"Lane 1: RP_sCas9_5 ATTACTCG+CAGGACGT",33.37
"Lane 1: JA01 GGTCACGA+GTATTATG",36.04
"Lane 1: DK_18 TCTCGCGC+ATAGAGGC",36.14
"Lane 1: Tn012_Tn_CD8 ATATCTCG+ATCTTAGT",36.08
"Lane 1: AM_E2 AGCGATAG+CCTATCCT",36.08
"Lane 1: CMYC_FH_1 GAGATTCC+CAGGACGT",35.4
"Lane 1: M2007_InteO_l12_CdKO TGACCAAT+TCTTTCCC",36.07
"Lane 1: JA04 AGGTTATA+CAGTTCCG",35.97
"Lane 1: RP_sCas9_7 TCCGGAGA+CCTATCCT",32.39
"Lane 1: M2007_M7_K27ac_dko CGTACTAG+CTCTCTAT",35.32
"Lane 1: M2007_M7_K9m3_dko CCGTTTGT+TAACCAAG",35.34
"Lane 1: 48 ATTCTAGG+TTCTTGGC",35.85
"Lane 1: NK04_w1118_1wk GCAATGCA+GGAACGTT",36.05
"Lane 1: M2007_InteO_l12_K27ac_CdKO TTGCTAAG+GCAAATTT",34.53
"Lane 1: DICE_C2 TCCGGAGA+TATAGCCT",36
"Lane 1: 50 TCTGGCGA+AATTCAAC",35.8
"Lane 1: 39 GCACATCT+AACCTCTT",35.82
"Lane 1: CMYC_F_1 CGCTCATT+AGGCGAAG",34.94
"Lane 1: 41 TGCTCGAC+ATCCTTAA",35.39
"Lane 1: AM_S2 AGCGATAG+GGCTCTGA",36.1
"Lane 1: 52 ATTATGTT+CTGTATTC",35.73
"Lane 1: M2007_M7_BRD4_wt GCTACGCT+TGGAAATC",35.13
"Lane 1: DK_14 TCTCGCGC+GTACTGAC",35.54
"Lane 1: 56 CCTTCGCA+CATCACTT",35.74
"Lane 1: DK_15 TCCGCGAA+CAGGACGT",36.06
"Lane 1: 45 TCGGAATG+CTACATTG",35.83
"Lane 1: DK_C1 ATTCAGAA+AGGCGAAG",36.03
"Lane 1: 6NT3 GCGCAAGC+TCACGCCG",35.99
"Lane 1: 54 GAAGAAGT+CTATTAGC",35.86
"Lane 1: M2007_InteO_l12_YPcst_GWT TGGTCACA+CCTTATGT",35.11
"Lane 1: RP_sCas9_10 TCCGGAGA+GTACTGAC",32.79
"Lane 1: M2007_M7pit_NHAv3_wt GGACTCCT+GTAAGGAG",35.15
"Lane 1: RP_sCas9_9 TCCGGAGA+AGGCGAAG",32.94
"Lane 1: CMYC_NC_2 CGCTCATT+GTACTGAC",36
"Lane 1: 1 CCTTCACC+GACGCTCC",35.69
"Lane 1: 11_1_2 AGTACTCC+AACCTGTT",35.88
"Lane 1: DK_B3L_ ATTCAGAA+TATAGCCT",36.1
"Lane 1: DK_A2R CTGAAGCT+GGCTCTGA",36.03
"Lane 1: 30 CCTATGCC+CAAGCTTA",35.26
"Lane 1: M2007_InteO_l12_K9m3_CdKO TACTTGAA+ATTGGGTC",32.5
"Lane 1: DK_E3L CTGAAGCT+CAGGACGT",36.01
"Lane 1: 25 ACACGATC+AATACCAT",35.93
"Lane 1: DK_B2R TAATGCGC+AGGCGAAG",35.99
"Lane 1: 28 AGGATCTA+GAACTTCG",35.97
"Lane 1: 40 CCTACCAT+GCTTCCTA",35.64
"Lane 1: M2007_M7_BRD4_dko CGAGGCTG+AACATGAT",35.06
"Lane 1: NK15_LamCir_1wk ACCTTGGC+GGCCTCAT",36.03
"Lane 1: DK_E1L ATTCAGAA+CAGGACGT",36.02
"Lane 1: M2007_InteO_l12_YPcst_CdKO TTGACCCT+CAGCAACG",34.83
"Lane 1: DK_A3L CTGAAGCT+AGGCGAAG",35.93
"Lane 1: M2007_InteO_l12_GWT CGATGTAT+TCTTTCCC",36.08
"Lane 1: DK_02 CGGCTATG+ATAGAGGC",36.12
"Lane 1: M2007_InteO_l12_K4m3_GWT AATTCGTT+GATTCCCA",34.94
"Lane 1: RP_sCas9_3 ATTACTCG+AGGCGAAG",33.53
"Lane 1: DK_B1L TAATGCGC+ATAGAGGC",36
"Lane 1: 53 ATTGTCTG+TTCACAGA",35.89
"Lane 1: M2007_M7_YPabc_dko CAGAGAGG+CTAAGCCT",35.24
"Lane 1: 42 CCAGTTAG+CCTGTCAT",35.37
"Lane 1: CMYC_Tera_1 GAGATTCC+AGGCGAAG",36.01
"Lane 1: M2007_M7_K4m1_wt AAGAGGCA+TGATGAAA",35.71
"Lane 1: 46 ATAGCGTC+TACTCCAG",35.84
"Lane 1: JA07 TCTGTTGG+TCGAATGG",36.03
"Lane 1: AM_S3 GAATTCGT+GGCTCTGA",36.1
"Lane 1: 6 CAATTAAC+CGAGATAT",35.84
"Lane 1: DK_10 TCCGCGAA+ATAGAGGC",36.12
"Lane 1: DICE_P1 TCCGGAGA+ATAGAGGC",36.01
"Lane 1: 3 ATTGTGAA+TGCATTGC",35.7
"Lane 1: M2007_InteO_l12_K27ac_GWT ATTGCCGG+GACGTGGC",34.46
"Lane 1: CMYC_Tera_2 GAGATTCC+TAATCTTA",36.03
"Lane 1: 36 AAGTAGAG+ATCGACTG",35.96
"Lane 1: M2007_M7_K36m2_dko AGGTTGGG+TCCATCAA",35.25
"Lane 1: 51 TAATGAAC+CTTGGCTT",35.83
"Lane 1: M2007_M7_K27ac_Eko18 TCCTGAGC+AGAGTAGA",35.39
"Lane 1: 38 AGTTGCTT+TAGCATTG",35.68
"Lane 1: 4 ACTCGTGT+ATTGGAAC",35.91
"Lane 1: 34 TTCGCTGA+CGCATATT",35.77
"Lane 1: DK_B4R ATTCAGAA+GGCTCTGA",36.03
"Lane 1: CMYC_NC_1 CGCTCATT+CAGGACGT",35.97
"Lane 1: DK_07 CGGCTATG+CAGGACGT",36.12
"Lane 1: DK_20 TCTCGCGC+GGCTCTGA",36.11
"Lane 1: DK_12 TCCGCGAA+GGCTCTGA",36.05
"Lane 1: Undetermined ",32.94
"Lane 2: Hs_hESC_beta_cells_differentiation_D39_paired_seq_DNA_5 CGGAAT",34.67
"Lane 2: Hs_hESC_beta_cells_differentiation_D39_paired_seq_DNA_3 CATTTT",34.7
"Lane 2: Hs_hESC_beta_cells_differentiation_D32_paired_seq_DNA_3 GTGAAA",34.56
"Lane 2: Hs_hESC_beta_cells_differentiation_D39_paired_seq_DNA_7 CTATAC",34.48
"Lane 2: Hs_hESC_beta_cells_differentiation_D39_paired_seq_DNA_6 CTAGCT",34.8
"Lane 2: Hs_hESC_beta_cells_differentiation_D21_paired_seq_DNA_3 TTAGGC",34.78
"Lane 2: Hs_hESC_beta_cells_differentiation_D39_paired_seq_DNA_8 AACGGA",34.34
"Lane 2: Hs_hESC_beta_cells_differentiation_D39_paired_seq_DNA_1 CAGGCG",34.85
"Lane 2: Hs_hESC_beta_cells_differentiation_D21_paired_seq_DNA_6 GCCAAT",34.73
"Lane 2: Hs_hESC_beta_cells_differentiation_D32_paired_seq_DNA_1 GTAGAG",34.75
"Lane 2: Hs_hESC_beta_cells_differentiation_D32_paired_seq_DNA_4 GTGGCC",34.91
"Lane 2: Hs_hESC_beta_cells_differentiation_D21_paired_seq_DNA_5 ACAGTG",34.52
"Lane 2: Hs_hESC_beta_cells_differentiation_D32_paired_seq_DNA_2 GTCCGC",34.97
"Lane 2: Hs_hESC_beta_cells_differentiation_D39_paired_seq_DNA_2 CATGGC",34.6
"Lane 2: Hs_hESC_beta_cells_differentiation_D39_paired_seq_DNA_4 CCAACA",34.64
"Lane 2: Hs_hESC_beta_cells_differentiation_D21_paired_seq_DNA_4 TGACCA",34.51
"Lane 2: Hs_hESC_beta_cells_differentiation_D21_paired_seq_DNA_8 ACTTGA",34.39
"Lane 2: Hs_hESC_beta_cells_differentiation_D32_paired_seq_DNA_6 CGTACG",34.5
"Lane 2: Hs_hESC_beta_cells_differentiation_D32_paired_seq_DNA_7 GAGTGG",34.52
"Lane 2: Hs_hESC_beta_cells_differentiation_D21_paired_seq_DNA_1 ATCACG",34.1
"Lane 2: Hs_hESC_beta_cells_differentiation_D32_paired_seq_DNA_5 GTTTCG",34.57
"Lane 2: Hs_hESC_beta_cells_differentiation_D32_paired_seq_DNA_8 GGTAGC",34.37
"Lane 2: Hs_hESC_beta_cells_differentiation_D21_paired_seq_DNA_2 CGATGT",35.06
"Lane 2: Hs_hESC_beta_cells_differentiation_D21_paired_seq_DNA_7 CAGATC",34.6
"Lane 2: Undetermined ",32.53
"Lane 3: mAdip_1 GGTACCTT+AAGACGTC",36.01
"Lane 3: pAdip_1 AGTTCAGG+CCAACAGA",36.01
"Lane 3: AciCtlOMPM_1 ATCCACTG+AGGTGCGT",35.49
"Lane 3: 5D_w1118_virgin_2 ACACTAAG+ATCCATAT",35.41
"Lane 3: No_exo_2 AGGTTATA+CAGTTCCG",35.77
"Lane 3: WT_Basal_4 AACAGGTT+ATACCAAG",35.95
"Lane 3: MEK1_exo_2 TATCGCAC+CTTAGTGT",36
"Lane 3: mAdipCC_3 GTCGGAGC+GGTTATAA",35.36
"Lane 3: 5D_w1118_virgin18Hmethoprene_3 GTCTACAC+GCCAAGGT",35.61
"Lane 3: Control_24_h GTGAATAT+TCTCATTC",36.13
"Lane 3: WT_PolyIC_2 CAACAATG+CTTCACGG",35.67
"Lane 3: pAdip_2 GACCTGAA+TTGGTGAG",36.02
"Lane 3: GFP_exo_1 GAACCGCG+TGACCTTA",35.5
"Lane 3: 5D_w1118_virgin18Hethanol_1 CAATTAAC+CGAGATAT",35.73
"Lane 3: pAdip_3 TCTCTACT+CGCGGTTC",35.38
"Lane 3: 9609-GFP_3 GTATGTTC+AACAGGAA",35.82
"Lane 3: RPM298_100_u_IFNa_Rep_2 GCAATGCA+GGAACGTT",35.87
"Lane 3: WT_Basal_1 ACCTTGGC+GGCCTCAT",35.97
"Lane 3: KO_Basal_2 TGCGGCGT+CCTCGGTA",36.02
"Lane 3: WT_PolyIC_3 TGGTGGCA+TCCTGTAA",35.87
"Lane 3: PSMB_4_h TGCGAGAC+CATTGTTG",36.01
"Lane 3: 5D_w1118_24Hmated_2 CCTTCACC+GACGCTCC",35.23
"Lane 3: 5D_w1118_24Hmated_1 TTCCTGTT+AGTATCTT",35.23
"Lane 3: KO_Basal_1 GAATGAGA+GAGGCATT",36.08
"Lane 3: AciCtlDMEM_4 AAGTCCAA+TATGAGTA",35.86
"Lane 3: RPM252_Untreated_Rep_3 CTACGACA+GAGTCCAA",36.1
"Lane 3: AciCtlOMPM_4 TGGATCGA+GTGCGATA",35.57
"Lane 3: 9609-MEK1_1 ACGCACCT+GGTGAAGG",35.89
"Lane 3: A549_100_u_IFNa_Rep_1 TACCGAGG+CCTGAACT",36.02
"Lane 3: GFP_exo_2 CTCACCAA+CTAGGCAA",35.81
"Lane 3: RPM252_100_u_IFNa_Rep_3 ATATGGAT+CTGTATTA",36.08
"Lane 3: KO_Basal_3 CATAATAC+TTCTAACG",36.04
"Lane 3: AciCtlDMEM_3 GGACTTGG+CGCAGACG",35.22
"Lane 3: mAdipCC_1 ATGAGGCC+GTTAATTG",35.94
"Lane 3: 5D_w1118_virgin18Hethanol_2 TGGCCGGT+TAGAGCGC",35.68
"Lane 3: RPM252_100_u_IFNa_Rep_2 CGGACAAC+TCCGGATT",36.03
"Lane 3: 5D_w1118_virgin18Hmethoprene_2 ACTCGTGT+ATTGGAAC",35.43
"Lane 3: 5D_w1118_virgin_3 GTGTCGGA+GCTTGCGC",34.82
"Lane 3: WT_PolyIC_4 AGGCAGAG+AGAATGCC",35.89
"Lane 3: AciCtlOMPM_2 GCTTGTCA+GAACATAC",35.9
"Lane 3: Poly_IC_4_h CATAGAGT+TGCCACCA",35.99
"Lane 3: 9609-MEK1_2 TACTCATA+CCTGTGGC",35.55
"Lane 3: Control_4_h GACGTCTT+GGTTCACC",35.95
"Lane 3: KO_Basal_4 GATCTATC+ATGAGGCT",36.1
"Lane 3: No_exo_1 TCATCCTT+AGCGAGCT",35.62
"Lane 3: mAdipCC_2 ACTAAGAT+AACCGCGG",35.84
"Lane 3: RPM298_100_u_IFNa_Rep_1 ATGGCATG+AAGGTACC",35.85
"Lane 3: pAdipCC_4 GCACGGAC+GTCTCGCA",35.46
"Lane 3: 9609-MEK1_3 CGTCTGCG+TTCACAAT",35.83
"Lane 3: 5D_w1118_24Hmated_3 GCCACAGG+CATGCCAT",35.12
"Lane 3: mAdipAciCC_2 TCCAACGC+TTGGACTT",35.62
"Lane 3: A549_100_u_IFNa_Rep_2 CGTTAGAA+TTCAGGTC",35.89
"Lane 3: mAdip_3 GCAGAATT+ACCGGCCA",36
"Lane 3: AciCtlDMEM_2 TTATAACC+GATATCGA",34.86
"Lane 3: PSMB_24_h AACTGTAG+ACGCCGCA",35.98
"Lane 3: pAdipAciCC_2 TTGGACTC+GGAAGCAG",36.07
"Lane 3: WT_PolyIC_1 GGTGAACC+GCGTTGGA",35.91
"Lane 3: 5D_w1118_virgin18Hethanol_3 AGTACTCC+AACCTGTT",35.57
"Lane 3: pAdipAciCC_1 CCAAGTCT+AAGGATGA",35.76
"Lane 3: RPM298_Untreated_Rep_3 GGAGCGTC+GTCCGTGC",35.86
"Lane 3: MEK1_exo_1 TCTGTTGG+TCGAATGG",35.87
"Lane 3: Poly_IC_PSMB_4_h ACAGGCGC+CTCTGCCT",36.02
"Lane 3: pAdipAciCC_4 AATCCGGA+CTACAGTT",35.78
"Lane 3: A549_Untreated_Rep_3 AATGCCTC+TCGATCCA",36.09
"Lane 3: RPM298_Untreated_Rep_1 GCGCAAGC+TCACGCCG",35.81
"Lane 3: A549_Untreated_Rep_2 GGCATTCT+CTAGCTTG",35.92
"Lane 3: A549_Untreated_Rep_1 TTACAGGA+TGACAAGC",35.96
"Lane 3: A549_100_u_IFNa_Rep_3 AGCCTCAT+AGTAGAGA",36.07
"Lane 3: AciCtlDMEM_1 CCGCGGTT+AGCGCTAG",35.7
"Lane 3: mAdip_2 AACGTTCC+GGAGTACT",35.99
"Lane 3: pAdipCC_2 CGGCGTGA+GCGCCTGT",35.5
"Lane 3: RPM298_Untreated_Rep_2 AAGATACT+ACTTACAT",35.95
"Lane 3: 5D_w1118_virgin_1 CCATTCGA+GTTGTCCG",35.75
"Lane 3: WT_Basal_3 GCGCTCTA+GCTCCGAC",36.01
"Lane 3: Poly_IC_PSMB_24_h CTGCTTCC+GATAGATC",36
"Lane 3: pAdip_4 CTCTCGTC+TATAACCT",35.82
"Lane 3: KO_PolyIC_4 TTGCCTAG+ACCACTTA",35.93
"Lane 3: pAdipCC_1 TAATACAG+ATATTCAC",35.72
"Lane 3: mAdipAciCC_3 CCGTGAAG+CAGTGGAT",35.48
"Lane 3: KO_PolyIC_1 AGCTCGCT+GCAGAATC",35.85
"Lane 3: AciCtlOMPM_3 CAAGCTAG+ACATAGCG",35.56
"Lane 3: 9609-GFP_1 CGCTATGT+TCCGACAC",35.7
"Lane 3: Poly_IC_24_h GGTCACGA+GTATTATG",36.03
"Lane 3: RPM298_100_u_IFNa_Rep_3 GTTCCAAT+AATTCTGC",36.01
"Lane 3: mAdipAciCC_1 CTTGGTAT+CCAAGTCC",35.26
"Lane 3: KO_PolyIC_3 TAAGGTCA+TGTCGTAG",36.08
"Lane 3: WT_Basal_2 ATATCTCG+ATCTTAGT",36.07
"Lane 3: KO_PolyIC_2 CGGAACTG+CACTACGA",35.94
"Lane 3: pAdipCC_3 ATGTAAGT+ACTCTATG",35.37
"Lane 3: pAdipAciCC_3 GGCTTAAG+TCGTGACC",35.9
"Lane 3: RPM252_Untreated_Rep_1 GATTCTGC+GACGAGAG",35.99
"Lane 3: 5D_w1118_virgin18Hmethoprene_1 ATTGTGAA+TGCATTGC",35.2
"Lane 3: RPM252_100_u_IFNa_Rep_1 TAAGTGGT+CTTAAGCC",36.01
"Lane 3: RPM252_Untreated_Rep_2 TCGTAGTG+AGACTTGG",36.06
"Lane 3: Undetermined ",34.04
"Lane 4: Spike-1-IP ATTACTCG+ATAGAGGC",35.43
"Lane 4: nsp5-2-IN GAATTCGT+TATAGCCT",35.35
"Lane 4: nsp12-1-IP CGCTCATT+GGCTCTGA",35.41
"Lane 4: orf8-2-IP TCCGGAGA+TAATCTTA",34.31
"Lane 4: nsp3-2-IN GAGATTCC+CAGGACGT",35.8
"Lane 4: nsp6-2-IN GAATTCGT+CAGGACGT",35.71
"Lane 4: nsp3-1-IP CGCTCATT+GTACTGAC",35.65
"Lane 4: nsp13-1-IN ATTCAGAA+CCTATCCT",35.34
"Lane 4: nsp6-1-IN ATTCAGAA+CAGGACGT",35.64
"Lane 4: nsp9-2-IP TCCGGAGA+GGCTCTGA",34.53
"Lane 4: nsp1-1-IN CGCTCATT+TATAGCCT",35.21
"Lane 4: nsp13-2-IP GAATTCGT+GGCTCTGA",35.19
"Lane 4: nsp7-2-IP TAATGCGC+ATAGAGGC",35.58
"Lane 4: nsp5-1-IP ATTCAGAA+ATAGAGGC",35.66
"Lane 4: nsp6-1-IP ATTCAGAA+GTACTGAC",35.63
"Lane 4: orf8-2-IN TCCGGAGA+AGGCGAAG",35.31
"Lane 4: orf3b-2-IN TAATGCGC+CCTATCCT",35.2
"Lane 4: Spike-2-IP TCCGGAGA+ATAGAGGC",34.32
"Lane 4: orf7b-1-IP CGCTCATT+TAATCTTA",34.98
"Lane 4: nsp12-1-IN CGCTCATT+CCTATCCT",35.33
"Lane 4: orf8-1-IP ATTACTCG+TAATCTTA",34.45
"Lane 4: orf9b-1-IP ATTCAGAA+TAATCTTA",35.06
"Lane 4: nsp5-2-IP GAATTCGT+ATAGAGGC",35.72
"Lane 4: nsp7-2-IN TAATGCGC+TATAGCCT",35.32
"Lane 4: nsp9-1-IN ATTACTCG+CCTATCCT",35.26
"Lane 4: orf7b-1-IN CGCTCATT+AGGCGAAG",35.52
"Lane 4: orf9b-2-IP GAATTCGT+TAATCTTA",35.14
"Lane 4: orf9c-1-IP CTGAAGCT+TAATCTTA",35.25
"Lane 4: nsp2-1-IP ATTACTCG+GTACTGAC",35.43
"Lane 4: nsp13-1-IP ATTCAGAA+GGCTCTGA",35
"Lane 4: nsp3-1-IN CGCTCATT+CAGGACGT",35.73
"Lane 4: nsp1-2-IN GAGATTCC+TATAGCCT",35.21
"Lane 4: orf9b-1-IN ATTCAGAA+AGGCGAAG",35.56
"Lane 4: orf3b-1-IN CTGAAGCT+CCTATCCT",35.24
"Lane 4: orf9b-2-IN GAATTCGT+AGGCGAAG",35.57
"Lane 4: nsp12-2-IN GAGATTCC+CCTATCCT",35.35
"Lane 4: orf7b-2-IP GAGATTCC+TAATCTTA",35.22
"Lane 4: Spike-2-IN TCCGGAGA+TATAGCCT",34.49
"Lane 4: nsp1-2-IP GAGATTCC+ATAGAGGC",35.16
"Lane 4: nsp9-1-IP ATTACTCG+GGCTCTGA",34.52
"Lane 4: orf3b-2-IP TAATGCGC+GGCTCTGA",35.16
"Lane 4: nsp2-1-IN ATTACTCG+CAGGACGT",35.65
"Lane 4: nsp9-2-IN TCCGGAGA+CCTATCCT",35.15
"Lane 4: orf9c-2-IP TAATGCGC+TAATCTTA",35.13
"Lane 4: nsp6-2-IP GAATTCGT+GTACTGAC",35.67
"Lane 4: nsp7-1-IP CTGAAGCT+ATAGAGGC",35.62
"Lane 4: nsp5-1-IN ATTCAGAA+TATAGCCT",35.37
"Lane 4: orf9c-1-IN CTGAAGCT+AGGCGAAG",35.52
"Lane 4: nsp13-2-IN GAATTCGT+CCTATCCT",35.33
"Lane 4: nsp7-1-IN CTGAAGCT+TATAGCCT",35.35
"Lane 4: nsp3-2-IP GAGATTCC+GTACTGAC",35.72
"Lane 4: nsp2-2-IN TCCGGAGA+CAGGACGT",35.54
"Lane 4: nsp12-2-IP GAGATTCC+GGCTCTGA",35.52
"Lane 4: orf7b-2-IN GAGATTCC+AGGCGAAG",35.54
"Lane 4: nsp2-2-IP TCCGGAGA+GTACTGAC",35.34
"Lane 4: Spike-1-IN ATTACTCG+TATAGCCT",35.07
"Lane 4: orf8-1-IN ATTACTCG+AGGCGAAG",35.62
"Lane 4: orf3b-1-IP CTGAAGCT+GGCTCTGA",35.22
"Lane 4: nsp1-1-IP CGCTCATT+ATAGAGGC",35.66
"Lane 4: orf9c-2-IN TAATGCGC+AGGCGAAG",35.52
"Lane 4: Undetermined ",31.86