"Sample","%Raw"
"Lane 1: 32 TTGAGCCT+TCATTCGA",0.37
"Lane 1: M2007_InteO_l12_K4m3_CdKO GGCGTCGA+CGGACTGC",0.13
"Lane 1: DK_05 CGGCTATG+AGGCGAAG",1.95
"Lane 1: M2007_InteO_l12_T4sc_CdKO TTCCATAT+ACATTCGT",0.24
"Lane 1: 4L1 ATATGGAT+CTGTATTA",0.6
"Lane 1: DK_19 TCTCGCGC+CCTATCCT",2.32
"Lane 1: JA05 GAACCGCG+TGACCTTA",0.24
"Lane 1: 44 GGTCCAGA+CGGTTCTT",0.32
"Lane 1: 55 GACAGTAA+GCGATTAC",0.26
"Lane 1: 27 TGTCGGAT+TCAGGCTT",0.48
"Lane 1: DICE_C1 ATTACTCG+TATAGCCT",1.21
"Lane 1: ENT3 GGAGCGTC+GTCCGTGC",1.09
"Lane 1: DK_B3L ATTCAGAA+CCTATCCT",0
"Lane 1: DK_08 CGGCTATG+GTACTGAC",2.04
"Lane 1: M2007_InteO_l12_K36m2_GWT ATAAGTTA+GCAGCCTC",0.16
"Lane 1: JA02 CTGCTTCC+GATAGATC",0.19
"Lane 1: EH1 AAGATACT+ACTTACAT",0.56
"Lane 1: DK_16 TCCGCGAA+GTACTGAC",2.05
"Lane 1: AM_E3 GAATTCGT+CCTATCCT",0.73
"Lane 1: 31 AAGGATGT+CACTTCAT",0.32
"Lane 1: 35 CATGCTTA+ATGAATTA",0.53
"Lane 1: M2007_M7_YPabc_wt CTCTCTAC+AAGGAGTA",0.08
"Lane 1: RP_sCas9_1 ATTACTCG+CCTATCCT",0.01
"Lane 1: 11_1_4 GACGTCTT+GGTTCACC",0.34
"Lane 1: NK05_w1118_5wk GTTCCAAT+AATTCTGC",0.38
"Lane 1: DK_21 TCTCGCGC+AGGCGAAG",2
"Lane 1: DICE_L1 CGCTCATT+TATAGCCT",1.26
"Lane 1: 29 AGCAATTC+CTGCTCCT",0.3
"Lane 1: CMYC_F_2 CGCTCATT+TAATCTTA",0.73
"Lane 1: DK_09 TCCGCGAA+TATAGCCT",2.13
"Lane 1: JA06 CTCACCAA+CTAGGCAA",0.22
"Lane 1: M2007_InteO_l12_K9m3_GWT ACAAAGTG+AGCCGTTC",0.13
"Lane 1: RP_sCas9_6 ATTACTCG+GTACTGAC",0.01
"Lane 1: M2007_M7_K36m2_wt TGCTGGGT+GTGTATCG",0.11
"Lane 1: M2007_InteO_l12_K27m3_GWT GTGATAGC+TGCATACT",0.28
"Lane 1: CMYC_F3H_1 CGCTCATT+CCTATCCT",0.81
"Lane 1: DK_13 TCCGCGAA+AGGCGAAG",2.24
"Lane 1: 11_1_1 TGGCCGGT+TAGAGCGC",0.36
"Lane 1: M2007_InteO_l12_T4sc_GWT CGCGGACA+GGTTCAAT",0.27
"Lane 1: 2 GCCACAGG+CATGCCAT",0.31
"Lane 1: DICE_P2 CGCTCATT+ATAGAGGC",1.37
"Lane 1: M2007_InteO_l12_K36m2_CdKO ATCACTCG+TCCGAGTT",0.2
"Lane 1: M2007_M7_K27ac_wt TAAGGCGA+TAGATCGC",0.2
"Lane 1: M2007_InteO_l12_K27m3_CdKO AGTAGATT+GGGCTTGG",0.05
"Lane 1: M2007_InteO_l12_YPabc_GWT GTGTGGTG+TTCGTGCA",0.46
"Lane 1: DK_A1R CTGAAGCT+ATAGAGGC",0
"Lane 1: RP_sCas9_4 ATTACTCG+TAATCTTA",0.01
"Lane 1: MB_1 GAGATTCC+TATAGCCT",0.81
"Lane 1: CMYC_F3H_2 CGCTCATT+GGCTCTGA",0.66
"Lane 1: DICE_L2 ATTACTCG+ATAGAGGC",1.28
"Lane 1: DK_E2L ATTCAGAA+GTACTGAC",0
"Lane 1: M2007_M7_K9m3_wt TGGATCTG+TTTCTAGC",0.12
"Lane 1: YH1 ATGGCATG+AAGGTACC",0.81
"Lane 1: JA03 TCATCCTT+AGCGAGCT",0.26
"Lane 1: DK_A1L CTGAAGCT+TATAGCCT",0
"Lane 1: RP_sCas9_2 ATTACTCG+GGCTCTGA",0.02
"Lane 1: DK_03 CGGCTATG+CCTATCCT",1.94
"Lane 1: 49 TTGAATAG+TCCATAAC",0.38
"Lane 1: Fe_HSC_5 GCGCTCTA+GCTCCGAC",0.54
"Lane 1: DK_B2L TAATGCGC+GGCTCTGA",0
"Lane 1: AM_E1 GAGATTCC+CCTATCCT",0.71
"Lane 1: MB_2 GAGATTCC+ATAGAGGC",0.82
"Lane 1: DK_01 CGGCTATG+TATAGCCT",1.87
"Lane 1: JA08 TATCGCAC+CTTAGTGT",0.26
"Lane 1: M2007_M7_K27ac_Eko17 AGGCAGAA+TATCCTCT",0.45
"Lane 1: CMYC_FH_2 GAGATTCC+GTACTGAC",0.59
"Lane 1: DK_A3R TAATGCGC+TATAGCCT",0
"Lane 1: DK_17 TCTCGCGC+TATAGCCT",2.24
"Lane 1: DK_A2L CTGAAGCT+CCTATCCT",0
"Lane 1: DK_B3R ATTCAGAA+ATAGAGGC",0
"Lane 1: DK_B1R TAATGCGC+CCTATCCT",0
"Lane 1: M2007_M7_K4m1_dko GTAGAGGA+GTCGGACT",0.25
"Lane 1: M2007_M7pit_CHAv3_wt TAGGCATG+ACTGCATA",0.35
"Lane 1: DK_22 TCTCGCGC+CAGGACGT",1.93
"Lane 1: M2007_InteO_l12_YPabc_CdKO TGGGTTTC+AGGTTGCC",0.07
"Lane 1: 47 AACTTGAC+GCTAGCAG",0.58
"Lane 1: DK_06 CGGCTATG+TAATCTTA",1.96
"Lane 1: 37 CATAGCGA+GACGGTTA",0.41
"Lane 1: 43 TGTTCCGA+TTAGCCAG",0.23
"Lane 1: DK_11 TCCGCGAA+CCTATCCT",2.71
"Lane 1: RP_sCas9_8 TCCGGAGA+GGCTCTGA",0.01
"Lane 1: 5 GTCTACAC+GCCAAGGT",0.26
"Lane 1: DK_04 CGGCTATG+GGCTCTGA",1.86
"Lane 1: 33 CACATCCT+GCTGCACT",0.3
"Lane 1: AM_S1 GAGATTCC+GGCTCTGA",0.64
"Lane 1: 26 GTATAACA+TGCTTCAC",0.27
"Lane 1: RP_sCas9_5 ATTACTCG+CAGGACGT",0.01
"Lane 1: JA01 GGTCACGA+GTATTATG",0.23
"Lane 1: DK_18 TCTCGCGC+ATAGAGGC",2.35
"Lane 1: Tn012_Tn_CD8 ATATCTCG+ATCTTAGT",0.61
"Lane 1: AM_E2 AGCGATAG+CCTATCCT",0.77
"Lane 1: CMYC_FH_1 GAGATTCC+CAGGACGT",0.71
"Lane 1: M2007_InteO_l12_CdKO TGACCAAT+TCTTTCCC",0.64
"Lane 1: JA04 AGGTTATA+CAGTTCCG",0.25
"Lane 1: RP_sCas9_7 TCCGGAGA+CCTATCCT",0.02
"Lane 1: M2007_M7_K27ac_dko CGTACTAG+CTCTCTAT",0.25
"Lane 1: M2007_M7_K9m3_dko CCGTTTGT+TAACCAAG",0.22
"Lane 1: 48 ATTCTAGG+TTCTTGGC",0.26
"Lane 1: NK04_w1118_1wk GCAATGCA+GGAACGTT",0.56
"Lane 1: M2007_InteO_l12_K27ac_CdKO TTGCTAAG+GCAAATTT",0.17
"Lane 1: DICE_C2 TCCGGAGA+TATAGCCT",1.14
"Lane 1: 50 TCTGGCGA+AATTCAAC",0.27
"Lane 1: 39 GCACATCT+AACCTCTT",0.35
"Lane 1: CMYC_F_1 CGCTCATT+AGGCGAAG",0.56
"Lane 1: 41 TGCTCGAC+ATCCTTAA",0.36
"Lane 1: AM_S2 AGCGATAG+GGCTCTGA",0.68
"Lane 1: 52 ATTATGTT+CTGTATTC",0.57
"Lane 1: M2007_M7_BRD4_wt GCTACGCT+TGGAAATC",0.26
"Lane 1: DK_14 TCTCGCGC+GTACTGAC",1.89
"Lane 1: 56 CCTTCGCA+CATCACTT",0.22
"Lane 1: DK_15 TCCGCGAA+CAGGACGT",2.16
"Lane 1: 45 TCGGAATG+CTACATTG",0.27
"Lane 1: DK_C1 ATTCAGAA+AGGCGAAG",0
"Lane 1: 6NT3 GCGCAAGC+TCACGCCG",0.71
"Lane 1: 54 GAAGAAGT+CTATTAGC",0.33
"Lane 1: M2007_InteO_l12_YPcst_GWT TGGTCACA+CCTTATGT",0.27
"Lane 1: RP_sCas9_10 TCCGGAGA+GTACTGAC",0.02
"Lane 1: M2007_M7pit_NHAv3_wt GGACTCCT+GTAAGGAG",0.11
"Lane 1: RP_sCas9_9 TCCGGAGA+AGGCGAAG",0.02
"Lane 1: CMYC_NC_2 CGCTCATT+GTACTGAC",0.62
"Lane 1: 1 CCTTCACC+GACGCTCC",0.24
"Lane 1: 11_1_2 AGTACTCC+AACCTGTT",0.35
"Lane 1: DK_B3L_ ATTCAGAA+TATAGCCT",0
"Lane 1: DK_A2R CTGAAGCT+GGCTCTGA",0
"Lane 1: 30 CCTATGCC+CAAGCTTA",0.36
"Lane 1: M2007_InteO_l12_K9m3_CdKO TACTTGAA+ATTGGGTC",0.05
"Lane 1: DK_E3L CTGAAGCT+CAGGACGT",0
"Lane 1: 25 ACACGATC+AATACCAT",0.34
"Lane 1: DK_B2R TAATGCGC+AGGCGAAG",0
"Lane 1: 28 AGGATCTA+GAACTTCG",0.39
"Lane 1: 40 CCTACCAT+GCTTCCTA",0.4
"Lane 1: M2007_M7_BRD4_dko CGAGGCTG+AACATGAT",0.17
"Lane 1: NK15_LamCir_1wk ACCTTGGC+GGCCTCAT",0.67
"Lane 1: DK_E1L ATTCAGAA+CAGGACGT",0
"Lane 1: M2007_InteO_l12_YPcst_CdKO TTGACCCT+CAGCAACG",0.14
"Lane 1: DK_A3L CTGAAGCT+AGGCGAAG",0
"Lane 1: M2007_InteO_l12_GWT CGATGTAT+TCTTTCCC",0.72
"Lane 1: DK_02 CGGCTATG+ATAGAGGC",1.94
"Lane 1: M2007_InteO_l12_K4m3_GWT AATTCGTT+GATTCCCA",0.24
"Lane 1: RP_sCas9_3 ATTACTCG+AGGCGAAG",0.01
"Lane 1: DK_B1L TAATGCGC+ATAGAGGC",0
"Lane 1: 53 ATTGTCTG+TTCACAGA",0.24
"Lane 1: M2007_M7_YPabc_dko CAGAGAGG+CTAAGCCT",0.06
"Lane 1: 42 CCAGTTAG+CCTGTCAT",0.36
"Lane 1: CMYC_Tera_1 GAGATTCC+AGGCGAAG",0.77
"Lane 1: M2007_M7_K4m1_wt AAGAGGCA+TGATGAAA",0.26
"Lane 1: 46 ATAGCGTC+TACTCCAG",0.46
"Lane 1: JA07 TCTGTTGG+TCGAATGG",0.26
"Lane 1: AM_S3 GAATTCGT+GGCTCTGA",0.64
"Lane 1: 6 CAATTAAC+CGAGATAT",0.22
"Lane 1: DK_10 TCCGCGAA+ATAGAGGC",2.44
"Lane 1: DICE_P1 TCCGGAGA+ATAGAGGC",1.37
"Lane 1: 3 ATTGTGAA+TGCATTGC",0.28
"Lane 1: M2007_InteO_l12_K27ac_GWT ATTGCCGG+GACGTGGC",0.15
"Lane 1: CMYC_Tera_2 GAGATTCC+TAATCTTA",0.76
"Lane 1: 36 AAGTAGAG+ATCGACTG",0.4
"Lane 1: M2007_M7_K36m2_dko AGGTTGGG+TCCATCAA",0.11
"Lane 1: 51 TAATGAAC+CTTGGCTT",0.28
"Lane 1: M2007_M7_K27ac_Eko18 TCCTGAGC+AGAGTAGA",0.16
"Lane 1: 38 AGTTGCTT+TAGCATTG",0.38
"Lane 1: 4 ACTCGTGT+ATTGGAAC",0.29
"Lane 1: 34 TTCGCTGA+CGCATATT",0.35
"Lane 1: DK_B4R ATTCAGAA+GGCTCTGA",0
"Lane 1: CMYC_NC_1 CGCTCATT+CAGGACGT",0.77
"Lane 1: DK_07 CGGCTATG+CAGGACGT",1.78
"Lane 1: DK_20 TCTCGCGC+GGCTCTGA",1.99
"Lane 1: DK_12 TCCGCGAA+GGCTCTGA",2.25
"Lane 1: Undetermined ",3.36
"Lane 2: Hs_hESC_beta_cells_differentiation_D39_paired_seq_DNA_5 CGGAAT",3.89
"Lane 2: Hs_hESC_beta_cells_differentiation_D39_paired_seq_DNA_3 CATTTT",2.93
"Lane 2: Hs_hESC_beta_cells_differentiation_D32_paired_seq_DNA_3 GTGAAA",5.98
"Lane 2: Hs_hESC_beta_cells_differentiation_D39_paired_seq_DNA_7 CTATAC",2.68
"Lane 2: Hs_hESC_beta_cells_differentiation_D39_paired_seq_DNA_6 CTAGCT",2.83
"Lane 2: Hs_hESC_beta_cells_differentiation_D21_paired_seq_DNA_3 TTAGGC",3.45
"Lane 2: Hs_hESC_beta_cells_differentiation_D39_paired_seq_DNA_8 AACGGA",2.94
"Lane 2: Hs_hESC_beta_cells_differentiation_D39_paired_seq_DNA_1 CAGGCG",2.78
"Lane 2: Hs_hESC_beta_cells_differentiation_D21_paired_seq_DNA_6 GCCAAT",4.79
"Lane 2: Hs_hESC_beta_cells_differentiation_D32_paired_seq_DNA_1 GTAGAG",4.2
"Lane 2: Hs_hESC_beta_cells_differentiation_D32_paired_seq_DNA_4 GTGGCC",6
"Lane 2: Hs_hESC_beta_cells_differentiation_D21_paired_seq_DNA_5 ACAGTG",3.48
"Lane 2: Hs_hESC_beta_cells_differentiation_D32_paired_seq_DNA_2 GTCCGC",5.12
"Lane 2: Hs_hESC_beta_cells_differentiation_D39_paired_seq_DNA_2 CATGGC",2.26
"Lane 2: Hs_hESC_beta_cells_differentiation_D39_paired_seq_DNA_4 CCAACA",2.23
"Lane 2: Hs_hESC_beta_cells_differentiation_D21_paired_seq_DNA_4 TGACCA",3.28
"Lane 2: Hs_hESC_beta_cells_differentiation_D21_paired_seq_DNA_8 ACTTGA",3.53
"Lane 2: Hs_hESC_beta_cells_differentiation_D32_paired_seq_DNA_6 CGTACG",5.95
"Lane 2: Hs_hESC_beta_cells_differentiation_D32_paired_seq_DNA_7 GAGTGG",5.42
"Lane 2: Hs_hESC_beta_cells_differentiation_D21_paired_seq_DNA_1 ATCACG",4.26
"Lane 2: Hs_hESC_beta_cells_differentiation_D32_paired_seq_DNA_5 GTTTCG",5.48
"Lane 2: Hs_hESC_beta_cells_differentiation_D32_paired_seq_DNA_8 GGTAGC",5.16
"Lane 2: Hs_hESC_beta_cells_differentiation_D21_paired_seq_DNA_2 CGATGT",5.29
"Lane 2: Hs_hESC_beta_cells_differentiation_D21_paired_seq_DNA_7 CAGATC",3.82
"Lane 2: Undetermined ",2.26
"Lane 3: mAdip_1 GGTACCTT+AAGACGTC",1.22
"Lane 3: pAdip_1 AGTTCAGG+CCAACAGA",0.98
"Lane 3: AciCtlOMPM_1 ATCCACTG+AGGTGCGT",1.09
"Lane 3: 5D_w1118_virgin_2 ACACTAAG+ATCCATAT",1.07
"Lane 3: No_exo_2 AGGTTATA+CAGTTCCG",1.05
"Lane 3: WT_Basal_4 AACAGGTT+ATACCAAG",1.19
"Lane 3: MEK1_exo_2 TATCGCAC+CTTAGTGT",0.96
"Lane 3: mAdipCC_3 GTCGGAGC+GGTTATAA",0.93
"Lane 3: 5D_w1118_virgin18Hmethoprene_3 GTCTACAC+GCCAAGGT",0.93
"Lane 3: Control_24_h GTGAATAT+TCTCATTC",1.07
"Lane 3: WT_PolyIC_2 CAACAATG+CTTCACGG",1.07
"Lane 3: pAdip_2 GACCTGAA+TTGGTGAG",0
"Lane 3: GFP_exo_1 GAACCGCG+TGACCTTA",1.09
"Lane 3: 5D_w1118_virgin18Hethanol_1 CAATTAAC+CGAGATAT",0.76
"Lane 3: pAdip_3 TCTCTACT+CGCGGTTC",0.94
"Lane 3: 9609-GFP_3 GTATGTTC+AACAGGAA",0.91
"Lane 3: RPM298_100_u_IFNa_Rep_2 GCAATGCA+GGAACGTT",0.9
"Lane 3: WT_Basal_1 ACCTTGGC+GGCCTCAT",1.03
"Lane 3: KO_Basal_2 TGCGGCGT+CCTCGGTA",1.34
"Lane 3: WT_PolyIC_3 TGGTGGCA+TCCTGTAA",0.99
"Lane 3: PSMB_4_h TGCGAGAC+CATTGTTG",1.01
"Lane 3: 5D_w1118_24Hmated_2 CCTTCACC+GACGCTCC",0.81
"Lane 3: 5D_w1118_24Hmated_1 TTCCTGTT+AGTATCTT",1.01
"Lane 3: KO_Basal_1 GAATGAGA+GAGGCATT",0.97
"Lane 3: AciCtlDMEM_4 AAGTCCAA+TATGAGTA",0.92
"Lane 3: RPM252_Untreated_Rep_3 CTACGACA+GAGTCCAA",0.91
"Lane 3: AciCtlOMPM_4 TGGATCGA+GTGCGATA",0.89
"Lane 3: 9609-MEK1_1 ACGCACCT+GGTGAAGG",1.03
"Lane 3: A549_100_u_IFNa_Rep_1 TACCGAGG+CCTGAACT",1.11
"Lane 3: GFP_exo_2 CTCACCAA+CTAGGCAA",0.86
"Lane 3: RPM252_100_u_IFNa_Rep_3 ATATGGAT+CTGTATTA",1.09
"Lane 3: KO_Basal_3 CATAATAC+TTCTAACG",0.89
"Lane 3: AciCtlDMEM_3 GGACTTGG+CGCAGACG",0.92
"Lane 3: mAdipCC_1 ATGAGGCC+GTTAATTG",0.98
"Lane 3: 5D_w1118_virgin18Hethanol_2 TGGCCGGT+TAGAGCGC",0.95
"Lane 3: RPM252_100_u_IFNa_Rep_2 CGGACAAC+TCCGGATT",1.04
"Lane 3: 5D_w1118_virgin18Hmethoprene_2 ACTCGTGT+ATTGGAAC",1.06
"Lane 3: 5D_w1118_virgin_3 GTGTCGGA+GCTTGCGC",0.94
"Lane 3: WT_PolyIC_4 AGGCAGAG+AGAATGCC",1.02
"Lane 3: AciCtlOMPM_2 GCTTGTCA+GAACATAC",0.9
"Lane 3: Poly_IC_4_h CATAGAGT+TGCCACCA",1
"Lane 3: 9609-MEK1_2 TACTCATA+CCTGTGGC",0.89
"Lane 3: Control_4_h GACGTCTT+GGTTCACC",1.06
"Lane 3: KO_Basal_4 GATCTATC+ATGAGGCT",1.05
"Lane 3: No_exo_1 TCATCCTT+AGCGAGCT",1.12
"Lane 3: mAdipCC_2 ACTAAGAT+AACCGCGG",1.22
"Lane 3: RPM298_100_u_IFNa_Rep_1 ATGGCATG+AAGGTACC",1.15
"Lane 3: pAdipCC_4 GCACGGAC+GTCTCGCA",1.01
"Lane 3: 9609-MEK1_3 CGTCTGCG+TTCACAAT",0.97
"Lane 3: 5D_w1118_24Hmated_3 GCCACAGG+CATGCCAT",1.07
"Lane 3: mAdipAciCC_2 TCCAACGC+TTGGACTT",1.12
"Lane 3: A549_100_u_IFNa_Rep_2 CGTTAGAA+TTCAGGTC",1.01
"Lane 3: mAdip_3 GCAGAATT+ACCGGCCA",1.11
"Lane 3: AciCtlDMEM_2 TTATAACC+GATATCGA",0.9
"Lane 3: PSMB_24_h AACTGTAG+ACGCCGCA",1.34
"Lane 3: pAdipAciCC_2 TTGGACTC+GGAAGCAG",0.88
"Lane 3: WT_PolyIC_1 GGTGAACC+GCGTTGGA",0.84
"Lane 3: 5D_w1118_virgin18Hethanol_3 AGTACTCC+AACCTGTT",0.92
"Lane 3: pAdipAciCC_1 CCAAGTCT+AAGGATGA",1.12
"Lane 3: RPM298_Untreated_Rep_3 GGAGCGTC+GTCCGTGC",1.12
"Lane 3: MEK1_exo_1 TCTGTTGG+TCGAATGG",1.1
"Lane 3: Poly_IC_PSMB_4_h ACAGGCGC+CTCTGCCT",1.05
"Lane 3: pAdipAciCC_4 AATCCGGA+CTACAGTT",0.9
"Lane 3: A549_Untreated_Rep_3 AATGCCTC+TCGATCCA",0.93
"Lane 3: RPM298_Untreated_Rep_1 GCGCAAGC+TCACGCCG",1.09
"Lane 3: A549_Untreated_Rep_2 GGCATTCT+CTAGCTTG",1.04
"Lane 3: A549_Untreated_Rep_1 TTACAGGA+TGACAAGC",0.94
"Lane 3: A549_100_u_IFNa_Rep_3 AGCCTCAT+AGTAGAGA",1.22
"Lane 3: AciCtlDMEM_1 CCGCGGTT+AGCGCTAG",1.1
"Lane 3: mAdip_2 AACGTTCC+GGAGTACT",0.92
"Lane 3: pAdipCC_2 CGGCGTGA+GCGCCTGT",1.02
"Lane 3: RPM298_Untreated_Rep_2 AAGATACT+ACTTACAT",1.06
"Lane 3: 5D_w1118_virgin_1 CCATTCGA+GTTGTCCG",0.89
"Lane 3: WT_Basal_3 GCGCTCTA+GCTCCGAC",1.08
"Lane 3: Poly_IC_PSMB_24_h CTGCTTCC+GATAGATC",0.86
"Lane 3: pAdip_4 CTCTCGTC+TATAACCT",0.91
"Lane 3: KO_PolyIC_4 TTGCCTAG+ACCACTTA",1.2
"Lane 3: pAdipCC_1 TAATACAG+ATATTCAC",1.21
"Lane 3: mAdipAciCC_3 CCGTGAAG+CAGTGGAT",1.02
"Lane 3: KO_PolyIC_1 AGCTCGCT+GCAGAATC",0.85
"Lane 3: AciCtlOMPM_3 CAAGCTAG+ACATAGCG",1.17
"Lane 3: 9609-GFP_1 CGCTATGT+TCCGACAC",0.94
"Lane 3: Poly_IC_24_h GGTCACGA+GTATTATG",1.04
"Lane 3: RPM298_100_u_IFNa_Rep_3 GTTCCAAT+AATTCTGC",1.16
"Lane 3: mAdipAciCC_1 CTTGGTAT+CCAAGTCC",1.19
"Lane 3: KO_PolyIC_3 TAAGGTCA+TGTCGTAG",0.96
"Lane 3: WT_Basal_2 ATATCTCG+ATCTTAGT",1.17
"Lane 3: KO_PolyIC_2 CGGAACTG+CACTACGA",0.97
"Lane 3: pAdipCC_3 ATGTAAGT+ACTCTATG",1.03
"Lane 3: pAdipAciCC_3 GGCTTAAG+TCGTGACC",1.2
"Lane 3: RPM252_Untreated_Rep_1 GATTCTGC+GACGAGAG",0.87
"Lane 3: 5D_w1118_virgin18Hmethoprene_1 ATTGTGAA+TGCATTGC",0.96
"Lane 3: RPM252_100_u_IFNa_Rep_1 TAAGTGGT+CTTAAGCC",1.09
"Lane 3: RPM252_Untreated_Rep_2 TCGTAGTG+AGACTTGG",0.89
"Lane 3: Undetermined ",5.27
"Lane 4: Spike-1-IP ATTACTCG+ATAGAGGC",3.04
"Lane 4: nsp5-2-IN GAATTCGT+TATAGCCT",1.91
"Lane 4: nsp12-1-IP CGCTCATT+GGCTCTGA",1.46
"Lane 4: orf8-2-IP TCCGGAGA+TAATCTTA",1.42
"Lane 4: nsp3-2-IN GAGATTCC+CAGGACGT",1.81
"Lane 4: nsp6-2-IN GAATTCGT+CAGGACGT",1.7
"Lane 4: nsp3-1-IP CGCTCATT+GTACTGAC",1.95
"Lane 4: nsp13-1-IN ATTCAGAA+CCTATCCT",1.33
"Lane 4: nsp6-1-IN ATTCAGAA+CAGGACGT",1.58
"Lane 4: nsp9-2-IP TCCGGAGA+GGCTCTGA",1.15
"Lane 4: nsp1-1-IN CGCTCATT+TATAGCCT",1.88
"Lane 4: nsp13-2-IP GAATTCGT+GGCTCTGA",1.04
"Lane 4: nsp7-2-IP TAATGCGC+ATAGAGGC",1.19
"Lane 4: nsp5-1-IP ATTCAGAA+ATAGAGGC",1.74
"Lane 4: nsp6-1-IP ATTCAGAA+GTACTGAC",1.65
"Lane 4: orf8-2-IN TCCGGAGA+AGGCGAAG",1.27
"Lane 4: orf3b-2-IN TAATGCGC+CCTATCCT",1.94
"Lane 4: Spike-2-IP TCCGGAGA+ATAGAGGC",1.62
"Lane 4: orf7b-1-IP CGCTCATT+TAATCTTA",1.5
"Lane 4: nsp12-1-IN CGCTCATT+CCTATCCT",1.91
"Lane 4: orf8-1-IP ATTACTCG+TAATCTTA",1.55
"Lane 4: orf9b-1-IP ATTCAGAA+TAATCTTA",1.19
"Lane 4: nsp5-2-IP GAATTCGT+ATAGAGGC",2.76
"Lane 4: nsp7-2-IN TAATGCGC+TATAGCCT",1.77
"Lane 4: nsp9-1-IN ATTACTCG+CCTATCCT",1.28
"Lane 4: orf7b-1-IN CGCTCATT+AGGCGAAG",1.85
"Lane 4: orf9b-2-IP GAATTCGT+TAATCTTA",3.22
"Lane 4: orf9c-1-IP CTGAAGCT+TAATCTTA",1.64
"Lane 4: nsp2-1-IP ATTACTCG+GTACTGAC",1.64
"Lane 4: nsp13-1-IP ATTCAGAA+GGCTCTGA",1.15
"Lane 4: nsp3-1-IN CGCTCATT+CAGGACGT",1.82
"Lane 4: nsp1-2-IN GAGATTCC+TATAGCCT",1.54
"Lane 4: orf9b-1-IN ATTCAGAA+AGGCGAAG",1.26
"Lane 4: orf3b-1-IN CTGAAGCT+CCTATCCT",1.27
"Lane 4: orf9b-2-IN GAATTCGT+AGGCGAAG",1.5
"Lane 4: nsp12-2-IN GAGATTCC+CCTATCCT",2.66
"Lane 4: orf7b-2-IP GAGATTCC+TAATCTTA",1.65
"Lane 4: Spike-2-IN TCCGGAGA+TATAGCCT",1.3
"Lane 4: nsp1-2-IP GAGATTCC+ATAGAGGC",1.75
"Lane 4: nsp9-1-IP ATTACTCG+GGCTCTGA",0.01
"Lane 4: orf3b-2-IP TAATGCGC+GGCTCTGA",1.54
"Lane 4: nsp2-1-IN ATTACTCG+CAGGACGT",1.81
"Lane 4: nsp9-2-IN TCCGGAGA+CCTATCCT",1.39
"Lane 4: orf9c-2-IP TAATGCGC+TAATCTTA",1.84
"Lane 4: nsp6-2-IP GAATTCGT+GTACTGAC",1.95
"Lane 4: nsp7-1-IP CTGAAGCT+ATAGAGGC",0.82
"Lane 4: nsp5-1-IN ATTCAGAA+TATAGCCT",1.16
"Lane 4: orf9c-1-IN CTGAAGCT+AGGCGAAG",2.47
"Lane 4: nsp13-2-IN GAATTCGT+CCTATCCT",1.56
"Lane 4: nsp7-1-IN CTGAAGCT+TATAGCCT",0.96
"Lane 4: nsp3-2-IP GAGATTCC+GTACTGAC",1.61
"Lane 4: nsp2-2-IN TCCGGAGA+CAGGACGT",1.73
"Lane 4: nsp12-2-IP GAGATTCC+GGCTCTGA",1.39
"Lane 4: orf7b-2-IN GAGATTCC+AGGCGAAG",1.82
"Lane 4: nsp2-2-IP TCCGGAGA+GTACTGAC",1.64
"Lane 4: Spike-1-IN ATTACTCG+TATAGCCT",1.3
"Lane 4: orf8-1-IN ATTACTCG+AGGCGAAG",1.34
"Lane 4: orf3b-1-IP CTGAAGCT+GGCTCTGA",1.26
"Lane 4: nsp1-1-IP CGCTCATT+ATAGAGGC",1.95
"Lane 4: orf9c-2-IN TAATGCGC+AGGCGAAG",1.7
"Lane 4: Undetermined ",2.88