"Sample","#Read"
"Lane 1: 32 TTGAGCCT+TCATTCGA",12272556
"Lane 1: M2007_InteO_l12_K4m3_CdKO GGCGTCGA+CGGACTGC",4477752
"Lane 1: DK_05 CGGCTATG+AGGCGAAG",64726763
"Lane 1: M2007_InteO_l12_T4sc_CdKO TTCCATAT+ACATTCGT",7963551
"Lane 1: 4L1 ATATGGAT+CTGTATTA",19994876
"Lane 1: DK_19 TCTCGCGC+CCTATCCT",77092727
"Lane 1: JA05 GAACCGCG+TGACCTTA",7801594
"Lane 1: 44 GGTCCAGA+CGGTTCTT",10558884
"Lane 1: 55 GACAGTAA+GCGATTAC",8730579
"Lane 1: 27 TGTCGGAT+TCAGGCTT",15861385
"Lane 1: DICE_C1 ATTACTCG+TATAGCCT",40143015
"Lane 1: ENT3 GGAGCGTC+GTCCGTGC",36042038
"Lane 1: DK_B3L ATTCAGAA+CCTATCCT",122031
"Lane 1: DK_08 CGGCTATG+GTACTGAC",67537960
"Lane 1: M2007_InteO_l12_K36m2_GWT ATAAGTTA+GCAGCCTC",5223441
"Lane 1: JA02 CTGCTTCC+GATAGATC",6245861
"Lane 1: EH1 AAGATACT+ACTTACAT",18717219
"Lane 1: DK_16 TCCGCGAA+GTACTGAC",68075199
"Lane 1: AM_E3 GAATTCGT+CCTATCCT",24228991
"Lane 1: 31 AAGGATGT+CACTTCAT",10540951
"Lane 1: 35 CATGCTTA+ATGAATTA",17670593
"Lane 1: M2007_M7_YPabc_wt CTCTCTAC+AAGGAGTA",2650672
"Lane 1: RP_sCas9_1 ATTACTCG+CCTATCCT",412883
"Lane 1: 11_1_4 GACGTCTT+GGTTCACC",11435828
"Lane 1: NK05_w1118_5wk GTTCCAAT+AATTCTGC",12595574
"Lane 1: DK_21 TCTCGCGC+AGGCGAAG",66492174
"Lane 1: DICE_L1 CGCTCATT+TATAGCCT",41788560
"Lane 1: 29 AGCAATTC+CTGCTCCT",9885386
"Lane 1: CMYC_F_2 CGCTCATT+TAATCTTA",24206670
"Lane 1: DK_09 TCCGCGAA+TATAGCCT",70658759
"Lane 1: JA06 CTCACCAA+CTAGGCAA",7170455
"Lane 1: M2007_InteO_l12_K9m3_GWT ACAAAGTG+AGCCGTTC",4151206
"Lane 1: RP_sCas9_6 ATTACTCG+GTACTGAC",406963
"Lane 1: M2007_M7_K36m2_wt TGCTGGGT+GTGTATCG",3609670
"Lane 1: M2007_InteO_l12_K27m3_GWT GTGATAGC+TGCATACT",9302107
"Lane 1: CMYC_F3H_1 CGCTCATT+CCTATCCT",27023070
"Lane 1: DK_13 TCCGCGAA+AGGCGAAG",74324217
"Lane 1: 11_1_1 TGGCCGGT+TAGAGCGC",11907369
"Lane 1: M2007_InteO_l12_T4sc_GWT CGCGGACA+GGTTCAAT",8999516
"Lane 1: 2 GCCACAGG+CATGCCAT",10376098
"Lane 1: DICE_P2 CGCTCATT+ATAGAGGC",45528491
"Lane 1: M2007_InteO_l12_K36m2_CdKO ATCACTCG+TCCGAGTT",6709614
"Lane 1: M2007_M7_K27ac_wt TAAGGCGA+TAGATCGC",6673142
"Lane 1: M2007_InteO_l12_K27m3_CdKO AGTAGATT+GGGCTTGG",1794976
"Lane 1: M2007_InteO_l12_YPabc_GWT GTGTGGTG+TTCGTGCA",15413999
"Lane 1: DK_A1R CTGAAGCT+ATAGAGGC",146621
"Lane 1: RP_sCas9_4 ATTACTCG+TAATCTTA",466983
"Lane 1: MB_1 GAGATTCC+TATAGCCT",26883217
"Lane 1: CMYC_F3H_2 CGCTCATT+GGCTCTGA",22010700
"Lane 1: DICE_L2 ATTACTCG+ATAGAGGC",42386079
"Lane 1: DK_E2L ATTCAGAA+GTACTGAC",96718
"Lane 1: M2007_M7_K9m3_wt TGGATCTG+TTTCTAGC",4078047
"Lane 1: YH1 ATGGCATG+AAGGTACC",26766780
"Lane 1: JA03 TCATCCTT+AGCGAGCT",8465458
"Lane 1: DK_A1L CTGAAGCT+TATAGCCT",124188
"Lane 1: RP_sCas9_2 ATTACTCG+GGCTCTGA",635989
"Lane 1: DK_03 CGGCTATG+CCTATCCT",64252444
"Lane 1: 49 TTGAATAG+TCCATAAC",12527641
"Lane 1: Fe_HSC_5 GCGCTCTA+GCTCCGAC",17825385
"Lane 1: DK_B2L TAATGCGC+GGCTCTGA",120125
"Lane 1: AM_E1 GAGATTCC+CCTATCCT",23721048
"Lane 1: MB_2 GAGATTCC+ATAGAGGC",27204559
"Lane 1: DK_01 CGGCTATG+TATAGCCT",62169759
"Lane 1: JA08 TATCGCAC+CTTAGTGT",8526505
"Lane 1: M2007_M7_K27ac_Eko17 AGGCAGAA+TATCCTCT",14769181
"Lane 1: CMYC_FH_2 GAGATTCC+GTACTGAC",19705078
"Lane 1: DK_A3R TAATGCGC+TATAGCCT",109736
"Lane 1: DK_17 TCTCGCGC+TATAGCCT",74224790
"Lane 1: DK_A2L CTGAAGCT+CCTATCCT",108278
"Lane 1: DK_B3R ATTCAGAA+ATAGAGGC",130215
"Lane 1: DK_B1R TAATGCGC+CCTATCCT",129158
"Lane 1: M2007_M7_K4m1_dko GTAGAGGA+GTCGGACT",8346985
"Lane 1: M2007_M7pit_CHAv3_wt TAGGCATG+ACTGCATA",11763527
"Lane 1: DK_22 TCTCGCGC+CAGGACGT",64133199
"Lane 1: M2007_InteO_l12_YPabc_CdKO TGGGTTTC+AGGTTGCC",2366627
"Lane 1: 47 AACTTGAC+GCTAGCAG",19364631
"Lane 1: DK_06 CGGCTATG+TAATCTTA",64934868
"Lane 1: 37 CATAGCGA+GACGGTTA",13608055
"Lane 1: 43 TGTTCCGA+TTAGCCAG",7790789
"Lane 1: DK_11 TCCGCGAA+CCTATCCT",89854462
"Lane 1: RP_sCas9_8 TCCGGAGA+GGCTCTGA",413635
"Lane 1: 5 GTCTACAC+GCCAAGGT",8539183
"Lane 1: DK_04 CGGCTATG+GGCTCTGA",61757178
"Lane 1: 33 CACATCCT+GCTGCACT",10099669
"Lane 1: AM_S1 GAGATTCC+GGCTCTGA",21162293
"Lane 1: 26 GTATAACA+TGCTTCAC",9087031
"Lane 1: RP_sCas9_5 ATTACTCG+CAGGACGT",388781
"Lane 1: JA01 GGTCACGA+GTATTATG",7543658
"Lane 1: DK_18 TCTCGCGC+ATAGAGGC",77947707
"Lane 1: Tn012_Tn_CD8 ATATCTCG+ATCTTAGT",20112527
"Lane 1: AM_E2 AGCGATAG+CCTATCCT",25493467
"Lane 1: CMYC_FH_1 GAGATTCC+CAGGACGT",23427322
"Lane 1: M2007_InteO_l12_CdKO TGACCAAT+TCTTTCCC",21087445
"Lane 1: JA04 AGGTTATA+CAGTTCCG",8454402
"Lane 1: RP_sCas9_7 TCCGGAGA+CCTATCCT",665505
"Lane 1: M2007_M7_K27ac_dko CGTACTAG+CTCTCTAT",8319336
"Lane 1: M2007_M7_K9m3_dko CCGTTTGT+TAACCAAG",7194803
"Lane 1: 48 ATTCTAGG+TTCTTGGC",8487326
"Lane 1: NK04_w1118_1wk GCAATGCA+GGAACGTT",18739312
"Lane 1: M2007_InteO_l12_K27ac_CdKO TTGCTAAG+GCAAATTT",5660896
"Lane 1: DICE_C2 TCCGGAGA+TATAGCCT",37850119
"Lane 1: 50 TCTGGCGA+AATTCAAC",8890052
"Lane 1: 39 GCACATCT+AACCTCTT",11698653
"Lane 1: CMYC_F_1 CGCTCATT+AGGCGAAG",18700574
"Lane 1: 41 TGCTCGAC+ATCCTTAA",11790902
"Lane 1: AM_S2 AGCGATAG+GGCTCTGA",22465474
"Lane 1: 52 ATTATGTT+CTGTATTC",18964846
"Lane 1: M2007_M7_BRD4_wt GCTACGCT+TGGAAATC",8618202
"Lane 1: DK_14 TCTCGCGC+GTACTGAC",62764184
"Lane 1: 56 CCTTCGCA+CATCACTT",7310990
"Lane 1: DK_15 TCCGCGAA+CAGGACGT",71769836
"Lane 1: 45 TCGGAATG+CTACATTG",8939073
"Lane 1: DK_C1 ATTCAGAA+AGGCGAAG",128321
"Lane 1: 6NT3 GCGCAAGC+TCACGCCG",23490158
"Lane 1: 54 GAAGAAGT+CTATTAGC",10918072
"Lane 1: M2007_InteO_l12_YPcst_GWT TGGTCACA+CCTTATGT",8992892
"Lane 1: RP_sCas9_10 TCCGGAGA+GTACTGAC",546909
"Lane 1: M2007_M7pit_NHAv3_wt GGACTCCT+GTAAGGAG",3677485
"Lane 1: RP_sCas9_9 TCCGGAGA+AGGCGAAG",724286
"Lane 1: CMYC_NC_2 CGCTCATT+GTACTGAC",20417384
"Lane 1: 1 CCTTCACC+GACGCTCC",7889078
"Lane 1: 11_1_2 AGTACTCC+AACCTGTT",11455804
"Lane 1: DK_B3L_ ATTCAGAA+TATAGCCT",139040
"Lane 1: DK_A2R CTGAAGCT+GGCTCTGA",109814
"Lane 1: 30 CCTATGCC+CAAGCTTA",12036644
"Lane 1: M2007_InteO_l12_K9m3_CdKO TACTTGAA+ATTGGGTC",1688858
"Lane 1: DK_E3L CTGAAGCT+CAGGACGT",108775
"Lane 1: 25 ACACGATC+AATACCAT",11341541
"Lane 1: DK_B2R TAATGCGC+AGGCGAAG",137829
"Lane 1: 28 AGGATCTA+GAACTTCG",13069219
"Lane 1: 40 CCTACCAT+GCTTCCTA",13403823
"Lane 1: M2007_M7_BRD4_dko CGAGGCTG+AACATGAT",5506338
"Lane 1: NK15_LamCir_1wk ACCTTGGC+GGCCTCAT",22357015
"Lane 1: DK_E1L ATTCAGAA+CAGGACGT",108837
"Lane 1: M2007_InteO_l12_YPcst_CdKO TTGACCCT+CAGCAACG",4579721
"Lane 1: DK_A3L CTGAAGCT+AGGCGAAG",132184
"Lane 1: M2007_InteO_l12_GWT CGATGTAT+TCTTTCCC",23729638
"Lane 1: DK_02 CGGCTATG+ATAGAGGC",64418465
"Lane 1: M2007_InteO_l12_K4m3_GWT AATTCGTT+GATTCCCA",8018832
"Lane 1: RP_sCas9_3 ATTACTCG+AGGCGAAG",487926
"Lane 1: DK_B1L TAATGCGC+ATAGAGGC",141813
"Lane 1: 53 ATTGTCTG+TTCACAGA",8056413
"Lane 1: M2007_M7_YPabc_dko CAGAGAGG+CTAAGCCT",2121951
"Lane 1: 42 CCAGTTAG+CCTGTCAT",11851195
"Lane 1: CMYC_Tera_1 GAGATTCC+AGGCGAAG",25637970
"Lane 1: M2007_M7_K4m1_wt AAGAGGCA+TGATGAAA",8768884
"Lane 1: 46 ATAGCGTC+TACTCCAG",15358119
"Lane 1: JA07 TCTGTTGG+TCGAATGG",8615862
"Lane 1: AM_S3 GAATTCGT+GGCTCTGA",21223295
"Lane 1: 6 CAATTAAC+CGAGATAT",7158021
"Lane 1: DK_10 TCCGCGAA+ATAGAGGC",80917116
"Lane 1: DICE_P1 TCCGGAGA+ATAGAGGC",45623464
"Lane 1: 3 ATTGTGAA+TGCATTGC",9253198
"Lane 1: M2007_InteO_l12_K27ac_GWT ATTGCCGG+GACGTGGC",4857373
"Lane 1: CMYC_Tera_2 GAGATTCC+TAATCTTA",25284545
"Lane 1: 36 AAGTAGAG+ATCGACTG",13350420
"Lane 1: M2007_M7_K36m2_dko AGGTTGGG+TCCATCAA",3749648
"Lane 1: 51 TAATGAAC+CTTGGCTT",9146225
"Lane 1: M2007_M7_K27ac_Eko18 TCCTGAGC+AGAGTAGA",5331264
"Lane 1: 38 AGTTGCTT+TAGCATTG",12658196
"Lane 1: 4 ACTCGTGT+ATTGGAAC",9460946
"Lane 1: 34 TTCGCTGA+CGCATATT",11778068
"Lane 1: DK_B4R ATTCAGAA+GGCTCTGA",132202
"Lane 1: CMYC_NC_1 CGCTCATT+CAGGACGT",25569900
"Lane 1: DK_07 CGGCTATG+CAGGACGT",58924196
"Lane 1: DK_20 TCTCGCGC+GGCTCTGA",66061583
"Lane 1: DK_12 TCCGCGAA+GGCTCTGA",74549046
"Lane 1: Undetermined ",111627977
"Lane 2: Hs_hESC_beta_cells_differentiation_D39_paired_seq_DNA_5 CGGAAT",106452112
"Lane 2: Hs_hESC_beta_cells_differentiation_D39_paired_seq_DNA_3 CATTTT",79995507
"Lane 2: Hs_hESC_beta_cells_differentiation_D32_paired_seq_DNA_3 GTGAAA",163348667
"Lane 2: Hs_hESC_beta_cells_differentiation_D39_paired_seq_DNA_7 CTATAC",73340642
"Lane 2: Hs_hESC_beta_cells_differentiation_D39_paired_seq_DNA_6 CTAGCT",77267764
"Lane 2: Hs_hESC_beta_cells_differentiation_D21_paired_seq_DNA_3 TTAGGC",94192349
"Lane 2: Hs_hESC_beta_cells_differentiation_D39_paired_seq_DNA_8 AACGGA",80483961
"Lane 2: Hs_hESC_beta_cells_differentiation_D39_paired_seq_DNA_1 CAGGCG",75944298
"Lane 2: Hs_hESC_beta_cells_differentiation_D21_paired_seq_DNA_6 GCCAAT",130808121
"Lane 2: Hs_hESC_beta_cells_differentiation_D32_paired_seq_DNA_1 GTAGAG",114922940
"Lane 2: Hs_hESC_beta_cells_differentiation_D32_paired_seq_DNA_4 GTGGCC",163981426
"Lane 2: Hs_hESC_beta_cells_differentiation_D21_paired_seq_DNA_5 ACAGTG",95064897
"Lane 2: Hs_hESC_beta_cells_differentiation_D32_paired_seq_DNA_2 GTCCGC",139832884
"Lane 2: Hs_hESC_beta_cells_differentiation_D39_paired_seq_DNA_2 CATGGC",61699866
"Lane 2: Hs_hESC_beta_cells_differentiation_D39_paired_seq_DNA_4 CCAACA",61092857
"Lane 2: Hs_hESC_beta_cells_differentiation_D21_paired_seq_DNA_4 TGACCA",89733381
"Lane 2: Hs_hESC_beta_cells_differentiation_D21_paired_seq_DNA_8 ACTTGA",96558317
"Lane 2: Hs_hESC_beta_cells_differentiation_D32_paired_seq_DNA_6 CGTACG",162600748
"Lane 2: Hs_hESC_beta_cells_differentiation_D32_paired_seq_DNA_7 GAGTGG",148125434
"Lane 2: Hs_hESC_beta_cells_differentiation_D21_paired_seq_DNA_1 ATCACG",116420548
"Lane 2: Hs_hESC_beta_cells_differentiation_D32_paired_seq_DNA_5 GTTTCG",149705106
"Lane 2: Hs_hESC_beta_cells_differentiation_D32_paired_seq_DNA_8 GGTAGC",141071955
"Lane 2: Hs_hESC_beta_cells_differentiation_D21_paired_seq_DNA_2 CGATGT",144648626
"Lane 2: Hs_hESC_beta_cells_differentiation_D21_paired_seq_DNA_7 CAGATC",104513644
"Lane 2: Undetermined ",61834189
"Lane 3: mAdip_1 GGTACCTT+AAGACGTC",41353604
"Lane 3: pAdip_1 AGTTCAGG+CCAACAGA",32967895
"Lane 3: AciCtlOMPM_1 ATCCACTG+AGGTGCGT",36712716
"Lane 3: 5D_w1118_virgin_2 ACACTAAG+ATCCATAT",36083810
"Lane 3: No_exo_2 AGGTTATA+CAGTTCCG",35337456
"Lane 3: WT_Basal_4 AACAGGTT+ATACCAAG",40167998
"Lane 3: MEK1_exo_2 TATCGCAC+CTTAGTGT",32374957
"Lane 3: mAdipCC_3 GTCGGAGC+GGTTATAA",31517557
"Lane 3: 5D_w1118_virgin18Hmethoprene_3 GTCTACAC+GCCAAGGT",31266781
"Lane 3: Control_24_h GTGAATAT+TCTCATTC",36131960
"Lane 3: WT_PolyIC_2 CAACAATG+CTTCACGG",36131165
"Lane 3: pAdip_2 GACCTGAA+TTGGTGAG",644
"Lane 3: GFP_exo_1 GAACCGCG+TGACCTTA",36857484
"Lane 3: 5D_w1118_virgin18Hethanol_1 CAATTAAC+CGAGATAT",25603550
"Lane 3: pAdip_3 TCTCTACT+CGCGGTTC",31881349
"Lane 3: 9609-GFP_3 GTATGTTC+AACAGGAA",30584361
"Lane 3: RPM298_100_u_IFNa_Rep_2 GCAATGCA+GGAACGTT",30352972
"Lane 3: WT_Basal_1 ACCTTGGC+GGCCTCAT",34886171
"Lane 3: KO_Basal_2 TGCGGCGT+CCTCGGTA",45200300
"Lane 3: WT_PolyIC_3 TGGTGGCA+TCCTGTAA",33389033
"Lane 3: PSMB_4_h TGCGAGAC+CATTGTTG",34109632
"Lane 3: 5D_w1118_24Hmated_2 CCTTCACC+GACGCTCC",27257602
"Lane 3: 5D_w1118_24Hmated_1 TTCCTGTT+AGTATCTT",34049679
"Lane 3: KO_Basal_1 GAATGAGA+GAGGCATT",32673157
"Lane 3: AciCtlDMEM_4 AAGTCCAA+TATGAGTA",31163402
"Lane 3: RPM252_Untreated_Rep_3 CTACGACA+GAGTCCAA",30794930
"Lane 3: AciCtlOMPM_4 TGGATCGA+GTGCGATA",30005972
"Lane 3: 9609-MEK1_1 ACGCACCT+GGTGAAGG",34751832
"Lane 3: A549_100_u_IFNa_Rep_1 TACCGAGG+CCTGAACT",37604514
"Lane 3: GFP_exo_2 CTCACCAA+CTAGGCAA",29080817
"Lane 3: RPM252_100_u_IFNa_Rep_3 ATATGGAT+CTGTATTA",36700335
"Lane 3: KO_Basal_3 CATAATAC+TTCTAACG",30166740
"Lane 3: AciCtlDMEM_3 GGACTTGG+CGCAGACG",31015001
"Lane 3: mAdipCC_1 ATGAGGCC+GTTAATTG",33239129
"Lane 3: 5D_w1118_virgin18Hethanol_2 TGGCCGGT+TAGAGCGC",32120159
"Lane 3: RPM252_100_u_IFNa_Rep_2 CGGACAAC+TCCGGATT",35017617
"Lane 3: 5D_w1118_virgin18Hmethoprene_2 ACTCGTGT+ATTGGAAC",35777539
"Lane 3: 5D_w1118_virgin_3 GTGTCGGA+GCTTGCGC",31711921
"Lane 3: WT_PolyIC_4 AGGCAGAG+AGAATGCC",34462649
"Lane 3: AciCtlOMPM_2 GCTTGTCA+GAACATAC",30384062
"Lane 3: Poly_IC_4_h CATAGAGT+TGCCACCA",33685110
"Lane 3: 9609-MEK1_2 TACTCATA+CCTGTGGC",30031737
"Lane 3: Control_4_h GACGTCTT+GGTTCACC",35704046
"Lane 3: KO_Basal_4 GATCTATC+ATGAGGCT",35338962
"Lane 3: No_exo_1 TCATCCTT+AGCGAGCT",37698641
"Lane 3: mAdipCC_2 ACTAAGAT+AACCGCGG",41299305
"Lane 3: RPM298_100_u_IFNa_Rep_1 ATGGCATG+AAGGTACC",38926085
"Lane 3: pAdipCC_4 GCACGGAC+GTCTCGCA",34080415
"Lane 3: 9609-MEK1_3 CGTCTGCG+TTCACAAT",32713279
"Lane 3: 5D_w1118_24Hmated_3 GCCACAGG+CATGCCAT",35998396
"Lane 3: mAdipAciCC_2 TCCAACGC+TTGGACTT",37654241
"Lane 3: A549_100_u_IFNa_Rep_2 CGTTAGAA+TTCAGGTC",33978714
"Lane 3: mAdip_3 GCAGAATT+ACCGGCCA",37564953
"Lane 3: AciCtlDMEM_2 TTATAACC+GATATCGA",30507112
"Lane 3: PSMB_24_h AACTGTAG+ACGCCGCA",45115633
"Lane 3: pAdipAciCC_2 TTGGACTC+GGAAGCAG",29762651
"Lane 3: WT_PolyIC_1 GGTGAACC+GCGTTGGA",28385526
"Lane 3: 5D_w1118_virgin18Hethanol_3 AGTACTCC+AACCTGTT",30974320
"Lane 3: pAdipAciCC_1 CCAAGTCT+AAGGATGA",37704212
"Lane 3: RPM298_Untreated_Rep_3 GGAGCGTC+GTCCGTGC",37890764
"Lane 3: MEK1_exo_1 TCTGTTGG+TCGAATGG",37245694
"Lane 3: Poly_IC_PSMB_4_h ACAGGCGC+CTCTGCCT",35350722
"Lane 3: pAdipAciCC_4 AATCCGGA+CTACAGTT",30317741
"Lane 3: A549_Untreated_Rep_3 AATGCCTC+TCGATCCA",31363267
"Lane 3: RPM298_Untreated_Rep_1 GCGCAAGC+TCACGCCG",36793435
"Lane 3: A549_Untreated_Rep_2 GGCATTCT+CTAGCTTG",35270758
"Lane 3: A549_Untreated_Rep_1 TTACAGGA+TGACAAGC",31883073
"Lane 3: A549_100_u_IFNa_Rep_3 AGCCTCAT+AGTAGAGA",41203036
"Lane 3: AciCtlDMEM_1 CCGCGGTT+AGCGCTAG",37233037
"Lane 3: mAdip_2 AACGTTCC+GGAGTACT",30913329
"Lane 3: pAdipCC_2 CGGCGTGA+GCGCCTGT",34496269
"Lane 3: RPM298_Untreated_Rep_2 AAGATACT+ACTTACAT",35762100
"Lane 3: 5D_w1118_virgin_1 CCATTCGA+GTTGTCCG",30185687
"Lane 3: WT_Basal_3 GCGCTCTA+GCTCCGAC",36521846
"Lane 3: Poly_IC_PSMB_24_h CTGCTTCC+GATAGATC",28917410
"Lane 3: pAdip_4 CTCTCGTC+TATAACCT",30654750
"Lane 3: KO_PolyIC_4 TTGCCTAG+ACCACTTA",40455237
"Lane 3: pAdipCC_1 TAATACAG+ATATTCAC",40721311
"Lane 3: mAdipAciCC_3 CCGTGAAG+CAGTGGAT",34322289
"Lane 3: KO_PolyIC_1 AGCTCGCT+GCAGAATC",28753085
"Lane 3: AciCtlOMPM_3 CAAGCTAG+ACATAGCG",39425095
"Lane 3: 9609-GFP_1 CGCTATGT+TCCGACAC",31639797
"Lane 3: Poly_IC_24_h GGTCACGA+GTATTATG",35143519
"Lane 3: RPM298_100_u_IFNa_Rep_3 GTTCCAAT+AATTCTGC",39303544
"Lane 3: mAdipAciCC_1 CTTGGTAT+CCAAGTCC",40215793
"Lane 3: KO_PolyIC_3 TAAGGTCA+TGTCGTAG",32457592
"Lane 3: WT_Basal_2 ATATCTCG+ATCTTAGT",39529477
"Lane 3: KO_PolyIC_2 CGGAACTG+CACTACGA",32746281
"Lane 3: pAdipCC_3 ATGTAAGT+ACTCTATG",34773235
"Lane 3: pAdipAciCC_3 GGCTTAAG+TCGTGACC",40540611
"Lane 3: RPM252_Untreated_Rep_1 GATTCTGC+GACGAGAG",29527877
"Lane 3: 5D_w1118_virgin18Hmethoprene_1 ATTGTGAA+TGCATTGC",32498250
"Lane 3: RPM252_100_u_IFNa_Rep_1 TAAGTGGT+CTTAAGCC",36722714
"Lane 3: RPM252_Untreated_Rep_2 TCGTAGTG+AGACTTGG",30148009
"Lane 3: Undetermined ",177857975
"Lane 4: Spike-1-IP ATTACTCG+ATAGAGGC",98570810
"Lane 4: nsp5-2-IN GAATTCGT+TATAGCCT",61788274
"Lane 4: nsp12-1-IP CGCTCATT+GGCTCTGA",47309989
"Lane 4: orf8-2-IP TCCGGAGA+TAATCTTA",45917786
"Lane 4: nsp3-2-IN GAGATTCC+CAGGACGT",58785238
"Lane 4: nsp6-2-IN GAATTCGT+CAGGACGT",55005101
"Lane 4: nsp3-1-IP CGCTCATT+GTACTGAC",63144788
"Lane 4: nsp13-1-IN ATTCAGAA+CCTATCCT",43248206
"Lane 4: nsp6-1-IN ATTCAGAA+CAGGACGT",51105469
"Lane 4: nsp9-2-IP TCCGGAGA+GGCTCTGA",37441309
"Lane 4: nsp1-1-IN CGCTCATT+TATAGCCT",60908725
"Lane 4: nsp13-2-IP GAATTCGT+GGCTCTGA",33584480
"Lane 4: nsp7-2-IP TAATGCGC+ATAGAGGC",38558144
"Lane 4: nsp5-1-IP ATTCAGAA+ATAGAGGC",56409204
"Lane 4: nsp6-1-IP ATTCAGAA+GTACTGAC",53592386
"Lane 4: orf8-2-IN TCCGGAGA+AGGCGAAG",41226437
"Lane 4: orf3b-2-IN TAATGCGC+CCTATCCT",62759052
"Lane 4: Spike-2-IP TCCGGAGA+ATAGAGGC",52444565
"Lane 4: orf7b-1-IP CGCTCATT+TAATCTTA",48631215
"Lane 4: nsp12-1-IN CGCTCATT+CCTATCCT",62050122
"Lane 4: orf8-1-IP ATTACTCG+TAATCTTA",50137478
"Lane 4: orf9b-1-IP ATTCAGAA+TAATCTTA",38449216
"Lane 4: nsp5-2-IP GAATTCGT+ATAGAGGC",89536724
"Lane 4: nsp7-2-IN TAATGCGC+TATAGCCT",57534361
"Lane 4: nsp9-1-IN ATTACTCG+CCTATCCT",41515492
"Lane 4: orf7b-1-IN CGCTCATT+AGGCGAAG",59875303
"Lane 4: orf9b-2-IP GAATTCGT+TAATCTTA",104483147
"Lane 4: orf9c-1-IP CTGAAGCT+TAATCTTA",53068632
"Lane 4: nsp2-1-IP ATTACTCG+GTACTGAC",53171630
"Lane 4: nsp13-1-IP ATTCAGAA+GGCTCTGA",37349254
"Lane 4: nsp3-1-IN CGCTCATT+CAGGACGT",58931982
"Lane 4: nsp1-2-IN GAGATTCC+TATAGCCT",50057965
"Lane 4: orf9b-1-IN ATTCAGAA+AGGCGAAG",40958735
"Lane 4: orf3b-1-IN CTGAAGCT+CCTATCCT",41328441
"Lane 4: orf9b-2-IN GAATTCGT+AGGCGAAG",48478888
"Lane 4: nsp12-2-IN GAGATTCC+CCTATCCT",86156387
"Lane 4: orf7b-2-IP GAGATTCC+TAATCTTA",53520083
"Lane 4: Spike-2-IN TCCGGAGA+TATAGCCT",42109962
"Lane 4: nsp1-2-IP GAGATTCC+ATAGAGGC",56755149
"Lane 4: nsp9-1-IP ATTACTCG+GGCTCTGA",312330
"Lane 4: orf3b-2-IP TAATGCGC+GGCTCTGA",49865426
"Lane 4: nsp2-1-IN ATTACTCG+CAGGACGT",58628035
"Lane 4: nsp9-2-IN TCCGGAGA+CCTATCCT",45110064
"Lane 4: orf9c-2-IP TAATGCGC+TAATCTTA",59497435
"Lane 4: nsp6-2-IP GAATTCGT+GTACTGAC",63064464
"Lane 4: nsp7-1-IP CTGAAGCT+ATAGAGGC",26691125
"Lane 4: nsp5-1-IN ATTCAGAA+TATAGCCT",37617791
"Lane 4: orf9c-1-IN CTGAAGCT+AGGCGAAG",79934093
"Lane 4: nsp13-2-IN GAATTCGT+CCTATCCT",50609577
"Lane 4: nsp7-1-IN CTGAAGCT+TATAGCCT",31085666
"Lane 4: nsp3-2-IP GAGATTCC+GTACTGAC",52230914
"Lane 4: nsp2-2-IN TCCGGAGA+CAGGACGT",56244033
"Lane 4: nsp12-2-IP GAGATTCC+GGCTCTGA",45183130
"Lane 4: orf7b-2-IN GAGATTCC+AGGCGAAG",59089207
"Lane 4: nsp2-2-IP TCCGGAGA+GTACTGAC",53231691
"Lane 4: Spike-1-IN ATTACTCG+TATAGCCT",42047970
"Lane 4: orf8-1-IN ATTACTCG+AGGCGAAG",43325654
"Lane 4: orf3b-1-IP CTGAAGCT+GGCTCTGA",40755527
"Lane 4: nsp1-1-IP CGCTCATT+ATAGAGGC",63344709
"Lane 4: orf9c-2-IN TAATGCGC+AGGCGAAG",55070760
"Lane 4: Undetermined ",93264937