"Barcode","#Read"
"Lane 1 GGGGGGGG+ATAGAGGC",1432260
"Lane 1 GGGGGGGG+TATAGCCT",1358720
"Lane 1 GGGGGGGG+CCTATCCT",1198200
"Lane 1 CTATGCGT+GAATATCA",1094860
"Lane 1 GGGGGGGG+GGCTCTGA",1037840
"Lane 1 GGGGGGGG+AGGCGAAG",933680
"Lane 1 GGGGGGGG+GTACTGAC",928060
"Lane 1 GGGGGGGG+CAGGACGT",924960
"Lane 1 GGGGGGGG+TAATCTTA",327420
"Lane 1 AAAAAAAA+AAAAAAAA",319080
"Lane 2 GGGGGG",14409000
"Lane 2 GGCGAG",11968460
"Lane 2 GTGGGG",966500
"Lane 2 GGTTGT",495600
"Lane 2 AAAAAA",466340
"Lane 2 GATGTA",459880
"Lane 2 GCAATA",385600
"Lane 2 CGGGGG",356900
"Lane 2 GACAAA",351080
"Lane 2 ATACGA",344660
"Lane 3 TCGATATC+ACACGAGT",32489520
"Lane 3 CTAGCGCT+GTGTAGAC",29696180
"Lane 3 CTAGCGCT+GTGTAGTC",364560
"Lane 3 AAAAAAAA+AAAAAAAA",346840
"Lane 3 TCCAACGC+TTGGTGTT",327000
"Lane 3 GATCTATC+ATGTGGGT",318420
"Lane 3 CTATGCGT+GAATATCA",291660
"Lane 3 TAAGGTCA+TGTGGTTG",259080
"Lane 3 GAACCGCG+TGTGGTTT",247360
"Lane 3 GGGGGGGG+TCGAATGG",231940
"Lane 4 GGGGGGGG+ATAGAGGC",1414720
"Lane 4 GGGGGGGG+TAATCTTA",1348460
"Lane 4 GGGGGGGG+CCTATCCT",1258360
"Lane 4 GGGGGGGG+TATAGCCT",1196520
"Lane 4 GGGGGGGG+AGGCGAAG",1141620
"Lane 4 GGGGGGGG+CAGGACGT",1050900
"Lane 4 GGGGGGGG+GTACTGAC",963240
"Lane 4 GGGGGGGG+GGCTCTGA",830940
"Lane 4 TAATGCGC+GTACTGAC",260540
"Lane 4 ATTACTCG+ATTGTGGG",254700