"Sample","%Read"
"Lane 1: 32 TTGAGCCT+TCATTCGA",93.96
"Lane 1: M2007_InteO_l12_K4m3_CdKO GGCGTCGA+CGGACTGC",86.78
"Lane 1: DK_05 CGGCTATG+AGGCGAAG",94.8
"Lane 1: M2007_InteO_l12_T4sc_CdKO TTCCATAT+ACATTCGT",89.47
"Lane 1: 4L1 ATATGGAT+CTGTATTA",94.64
"Lane 1: DK_19 TCTCGCGC+CCTATCCT",94.39
"Lane 1: JA05 GAACCGCG+TGACCTTA",93.96
"Lane 1: 44 GGTCCAGA+CGGTTCTT",93.27
"Lane 1: 55 GACAGTAA+GCGATTAC",92.9
"Lane 1: 27 TGTCGGAT+TCAGGCTT",92.17
"Lane 1: DICE_C1 ATTACTCG+TATAGCCT",94.35
"Lane 1: ENT3 GGAGCGTC+GTCCGTGC",94.14
"Lane 1: DK_B3L ATTCAGAA+CCTATCCT",94.34
"Lane 1: DK_08 CGGCTATG+GTACTGAC",94.65
"Lane 1: M2007_InteO_l12_K36m2_GWT ATAAGTTA+GCAGCCTC",87.11
"Lane 1: JA02 CTGCTTCC+GATAGATC",94.3
"Lane 1: EH1 AAGATACT+ACTTACAT",94.08
"Lane 1: DK_16 TCCGCGAA+GTACTGAC",94.28
"Lane 1: AM_E3 GAATTCGT+CCTATCCT",94.53
"Lane 1: 31 AAGGATGT+CACTTCAT",90.91
"Lane 1: 35 CATGCTTA+ATGAATTA",92.97
"Lane 1: M2007_M7_YPabc_wt CTCTCTAC+AAGGAGTA",89.38
"Lane 1: RP_sCas9_1 ATTACTCG+CCTATCCT",79.33
"Lane 1: 11_1_4 GACGTCTT+GGTTCACC",94.24
"Lane 1: NK05_w1118_5wk GTTCCAAT+AATTCTGC",94.33
"Lane 1: DK_21 TCTCGCGC+AGGCGAAG",94.67
"Lane 1: DICE_L1 CGCTCATT+TATAGCCT",94.25
"Lane 1: 29 AGCAATTC+CTGCTCCT",93.76
"Lane 1: CMYC_F_2 CGCTCATT+TAATCTTA",90.28
"Lane 1: DK_09 TCCGCGAA+TATAGCCT",94.43
"Lane 1: JA06 CTCACCAA+CTAGGCAA",93.97
"Lane 1: M2007_InteO_l12_K9m3_GWT ACAAAGTG+AGCCGTTC",86.04
"Lane 1: RP_sCas9_6 ATTACTCG+GTACTGAC",80.78
"Lane 1: M2007_M7_K36m2_wt TGCTGGGT+GTGTATCG",89.12
"Lane 1: M2007_InteO_l12_K27m3_GWT GTGATAGC+TGCATACT",86.62
"Lane 1: CMYC_F3H_1 CGCTCATT+CCTATCCT",90.62
"Lane 1: DK_13 TCCGCGAA+AGGCGAAG",93.94
"Lane 1: 11_1_1 TGGCCGGT+TAGAGCGC",93.88
"Lane 1: M2007_InteO_l12_T4sc_GWT CGCGGACA+GGTTCAAT",90.07
"Lane 1: 2 GCCACAGG+CATGCCAT",93.08
"Lane 1: DICE_P2 CGCTCATT+ATAGAGGC",94.3
"Lane 1: M2007_InteO_l12_K36m2_CdKO ATCACTCG+TCCGAGTT",89.18
"Lane 1: M2007_M7_K27ac_wt TAAGGCGA+TAGATCGC",86.04
"Lane 1: M2007_InteO_l12_K27m3_CdKO AGTAGATT+GGGCTTGG",87.37
"Lane 1: M2007_InteO_l12_YPabc_GWT GTGTGGTG+TTCGTGCA",91.5
"Lane 1: DK_A1R CTGAAGCT+ATAGAGGC",94.07
"Lane 1: RP_sCas9_4 ATTACTCG+TAATCTTA",78.05
"Lane 1: MB_1 GAGATTCC+TATAGCCT",94.61
"Lane 1: CMYC_F3H_2 CGCTCATT+GGCTCTGA",90.52
"Lane 1: DICE_L2 ATTACTCG+ATAGAGGC",94.38
"Lane 1: DK_E2L ATTCAGAA+GTACTGAC",94.21
"Lane 1: M2007_M7_K9m3_wt TGGATCTG+TTTCTAGC",85.1
"Lane 1: YH1 ATGGCATG+AAGGTACC",93.57
"Lane 1: JA03 TCATCCTT+AGCGAGCT",93.99
"Lane 1: DK_A1L CTGAAGCT+TATAGCCT",94.59
"Lane 1: RP_sCas9_2 ATTACTCG+GGCTCTGA",79.85
"Lane 1: DK_03 CGGCTATG+CCTATCCT",94.3
"Lane 1: 49 TTGAATAG+TCCATAAC",93.43
"Lane 1: Fe_HSC_5 GCGCTCTA+GCTCCGAC",93.71
"Lane 1: DK_B2L TAATGCGC+GGCTCTGA",93.89
"Lane 1: AM_E1 GAGATTCC+CCTATCCT",94.5
"Lane 1: MB_2 GAGATTCC+ATAGAGGC",94.56
"Lane 1: DK_01 CGGCTATG+TATAGCCT",94.46
"Lane 1: JA08 TATCGCAC+CTTAGTGT",94.18
"Lane 1: M2007_M7_K27ac_Eko17 AGGCAGAA+TATCCTCT",90.64
"Lane 1: CMYC_FH_2 GAGATTCC+GTACTGAC",91.3
"Lane 1: DK_A3R TAATGCGC+TATAGCCT",94.26
"Lane 1: DK_17 TCTCGCGC+TATAGCCT",94.53
"Lane 1: DK_A2L CTGAAGCT+CCTATCCT",94.3
"Lane 1: DK_B3R ATTCAGAA+ATAGAGGC",94.37
"Lane 1: DK_B1R TAATGCGC+CCTATCCT",94.1
"Lane 1: M2007_M7_K4m1_dko GTAGAGGA+GTCGGACT",92.04
"Lane 1: M2007_M7pit_CHAv3_wt TAGGCATG+ACTGCATA",90.74
"Lane 1: DK_22 TCTCGCGC+CAGGACGT",94.5
"Lane 1: M2007_InteO_l12_YPabc_CdKO TGGGTTTC+AGGTTGCC",85.04
"Lane 1: 47 AACTTGAC+GCTAGCAG",93.34
"Lane 1: DK_06 CGGCTATG+TAATCTTA",94.66
"Lane 1: 37 CATAGCGA+GACGGTTA",91.48
"Lane 1: 43 TGTTCCGA+TTAGCCAG",93.47
"Lane 1: DK_11 TCCGCGAA+CCTATCCT",94.12
"Lane 1: RP_sCas9_8 TCCGGAGA+GGCTCTGA",83.51
"Lane 1: 5 GTCTACAC+GCCAAGGT",93.29
"Lane 1: DK_04 CGGCTATG+GGCTCTGA",94.66
"Lane 1: 33 CACATCCT+GCTGCACT",93.02
"Lane 1: AM_S1 GAGATTCC+GGCTCTGA",94.62
"Lane 1: 26 GTATAACA+TGCTTCAC",93.51
"Lane 1: RP_sCas9_5 ATTACTCG+CAGGACGT",81.97
"Lane 1: JA01 GGTCACGA+GTATTATG",94.24
"Lane 1: DK_18 TCTCGCGC+ATAGAGGC",94.79
"Lane 1: Tn012_Tn_CD8 ATATCTCG+ATCTTAGT",94.51
"Lane 1: AM_E2 AGCGATAG+CCTATCCT",94.48
"Lane 1: CMYC_FH_1 GAGATTCC+CAGGACGT",91.1
"Lane 1: M2007_InteO_l12_CdKO TGACCAAT+TCTTTCCC",94.42
"Lane 1: JA04 AGGTTATA+CAGTTCCG",93.91
"Lane 1: RP_sCas9_7 TCCGGAGA+CCTATCCT",78.34
"Lane 1: M2007_M7_K27ac_dko CGTACTAG+CTCTCTAT",90.34
"Lane 1: M2007_M7_K9m3_dko CCGTTTGT+TAACCAAG",90.48
"Lane 1: 48 ATTCTAGG+TTCTTGGC",93.28
"Lane 1: NK04_w1118_1wk GCAATGCA+GGAACGTT",94.41
"Lane 1: M2007_InteO_l12_K27ac_CdKO TTGCTAAG+GCAAATTT",86.02
"Lane 1: DICE_C2 TCCGGAGA+TATAGCCT",94.05
"Lane 1: 50 TCTGGCGA+AATTCAAC",93
"Lane 1: 39 GCACATCT+AACCTCTT",93.16
"Lane 1: CMYC_F_1 CGCTCATT+AGGCGAAG",88.81
"Lane 1: 41 TGCTCGAC+ATCCTTAA",91.33
"Lane 1: AM_S2 AGCGATAG+GGCTCTGA",94.58
"Lane 1: 52 ATTATGTT+CTGTATTC",92.77
"Lane 1: M2007_M7_BRD4_wt GCTACGCT+TGGAAATC",89.35
"Lane 1: DK_14 TCTCGCGC+GTACTGAC",91.77
"Lane 1: 56 CCTTCGCA+CATCACTT",92.76
"Lane 1: DK_15 TCCGCGAA+CAGGACGT",94.35
"Lane 1: 45 TCGGAATG+CTACATTG",93.23
"Lane 1: DK_C1 ATTCAGAA+AGGCGAAG",94.13
"Lane 1: 6NT3 GCGCAAGC+TCACGCCG",94.01
"Lane 1: 54 GAAGAAGT+CTATTAGC",93.35
"Lane 1: M2007_InteO_l12_YPcst_GWT TGGTCACA+CCTTATGT",89.29
"Lane 1: RP_sCas9_10 TCCGGAGA+GTACTGAC",80.02
"Lane 1: M2007_M7pit_NHAv3_wt GGACTCCT+GTAAGGAG",89.46
"Lane 1: RP_sCas9_9 TCCGGAGA+AGGCGAAG",80.44
"Lane 1: CMYC_NC_2 CGCTCATT+GTACTGAC",94.05
"Lane 1: 1 CCTTCACC+GACGCTCC",92.68
"Lane 1: 11_1_2 AGTACTCC+AACCTGTT",93.59
"Lane 1: DK_B3L_ ATTCAGAA+TATAGCCT",94.51
"Lane 1: DK_A2R CTGAAGCT+GGCTCTGA",94.14
"Lane 1: 30 CCTATGCC+CAAGCTTA",90.67
"Lane 1: M2007_InteO_l12_K9m3_CdKO TACTTGAA+ATTGGGTC",75.46
"Lane 1: DK_E3L CTGAAGCT+CAGGACGT",94.05
"Lane 1: 25 ACACGATC+AATACCAT",93.66
"Lane 1: DK_B2R TAATGCGC+AGGCGAAG",93.89
"Lane 1: 28 AGGATCTA+GAACTTCG",93.85
"Lane 1: 40 CCTACCAT+GCTTCCTA",92.38
"Lane 1: M2007_M7_BRD4_dko CGAGGCTG+AACATGAT",89.11
"Lane 1: NK15_LamCir_1wk ACCTTGGC+GGCCTCAT",94.23
"Lane 1: DK_E1L ATTCAGAA+CAGGACGT",94.11
"Lane 1: M2007_InteO_l12_YPcst_CdKO TTGACCCT+CAGCAACG",87.88
"Lane 1: DK_A3L CTGAAGCT+AGGCGAAG",93.71
"Lane 1: M2007_InteO_l12_GWT CGATGTAT+TCTTTCCC",94.51
"Lane 1: DK_02 CGGCTATG+ATAGAGGC",94.67
"Lane 1: M2007_InteO_l12_K4m3_GWT AATTCGTT+GATTCCCA",88.21
"Lane 1: RP_sCas9_3 ATTACTCG+AGGCGAAG",82.56
"Lane 1: DK_B1L TAATGCGC+ATAGAGGC",93.98
"Lane 1: 53 ATTGTCTG+TTCACAGA",93.5
"Lane 1: M2007_M7_YPabc_dko CAGAGAGG+CTAAGCCT",89.87
"Lane 1: 42 CCAGTTAG+CCTGTCAT",91.29
"Lane 1: CMYC_Tera_1 GAGATTCC+AGGCGAAG",94.11
"Lane 1: M2007_M7_K4m1_wt AAGAGGCA+TGATGAAA",92.46
"Lane 1: 46 ATAGCGTC+TACTCCAG",93.22
"Lane 1: JA07 TCTGTTGG+TCGAATGG",94.22
"Lane 1: AM_S3 GAATTCGT+GGCTCTGA",94.57
"Lane 1: 6 CAATTAAC+CGAGATAT",93.39
"Lane 1: DK_10 TCCGCGAA+ATAGAGGC",94.68
"Lane 1: DICE_P1 TCCGGAGA+ATAGAGGC",94.08
"Lane 1: 3 ATTGTGAA+TGCATTGC",92.78
"Lane 1: M2007_InteO_l12_K27ac_GWT ATTGCCGG+GACGTGGC",85.67
"Lane 1: CMYC_Tera_2 GAGATTCC+TAATCTTA",94.25
"Lane 1: 36 AAGTAGAG+ATCGACTG",93.8
"Lane 1: M2007_M7_K36m2_dko AGGTTGGG+TCCATCAA",90.07
"Lane 1: 51 TAATGAAC+CTTGGCTT",93.18
"Lane 1: M2007_M7_K27ac_Eko18 TCCTGAGC+AGAGTAGA",90.78
"Lane 1: 38 AGTTGCTT+TAGCATTG",92.57
"Lane 1: 4 ACTCGTGT+ATTGGAAC",93.7
"Lane 1: 34 TTCGCTGA+CGCATATT",92.88
"Lane 1: DK_B4R ATTCAGAA+GGCTCTGA",94.12
"Lane 1: CMYC_NC_1 CGCTCATT+CAGGACGT",93.94
"Lane 1: DK_07 CGGCTATG+CAGGACGT",94.67
"Lane 1: DK_20 TCTCGCGC+GGCTCTGA",94.59
"Lane 1: DK_12 TCCGCGAA+GGCTCTGA",94.28
"Lane 1: Undetermined ",79.31
"Lane 2: Hs_hESC_beta_cells_differentiation_D39_paired_seq_DNA_5 CGGAAT",87.48
"Lane 2: Hs_hESC_beta_cells_differentiation_D39_paired_seq_DNA_3 CATTTT",87.63
"Lane 2: Hs_hESC_beta_cells_differentiation_D32_paired_seq_DNA_3 GTGAAA",87
"Lane 2: Hs_hESC_beta_cells_differentiation_D39_paired_seq_DNA_7 CTATAC",86.59
"Lane 2: Hs_hESC_beta_cells_differentiation_D39_paired_seq_DNA_6 CTAGCT",88.14
"Lane 2: Hs_hESC_beta_cells_differentiation_D21_paired_seq_DNA_3 TTAGGC",88.05
"Lane 2: Hs_hESC_beta_cells_differentiation_D39_paired_seq_DNA_8 AACGGA",85.95
"Lane 2: Hs_hESC_beta_cells_differentiation_D39_paired_seq_DNA_1 CAGGCG",88.29
"Lane 2: Hs_hESC_beta_cells_differentiation_D21_paired_seq_DNA_6 GCCAAT",87.82
"Lane 2: Hs_hESC_beta_cells_differentiation_D32_paired_seq_DNA_1 GTAGAG",87.88
"Lane 2: Hs_hESC_beta_cells_differentiation_D32_paired_seq_DNA_4 GTGGCC",88.69
"Lane 2: Hs_hESC_beta_cells_differentiation_D21_paired_seq_DNA_5 ACAGTG",86.81
"Lane 2: Hs_hESC_beta_cells_differentiation_D32_paired_seq_DNA_2 GTCCGC",88.9
"Lane 2: Hs_hESC_beta_cells_differentiation_D39_paired_seq_DNA_2 CATGGC",87.17
"Lane 2: Hs_hESC_beta_cells_differentiation_D39_paired_seq_DNA_4 CCAACA",87.37
"Lane 2: Hs_hESC_beta_cells_differentiation_D21_paired_seq_DNA_4 TGACCA",86.77
"Lane 2: Hs_hESC_beta_cells_differentiation_D21_paired_seq_DNA_8 ACTTGA",86.23
"Lane 2: Hs_hESC_beta_cells_differentiation_D32_paired_seq_DNA_6 CGTACG",86.69
"Lane 2: Hs_hESC_beta_cells_differentiation_D32_paired_seq_DNA_7 GAGTGG",86.8
"Lane 2: Hs_hESC_beta_cells_differentiation_D21_paired_seq_DNA_1 ATCACG",84.82
"Lane 2: Hs_hESC_beta_cells_differentiation_D32_paired_seq_DNA_5 GTTTCG",87.03
"Lane 2: Hs_hESC_beta_cells_differentiation_D32_paired_seq_DNA_8 GGTAGC",86.11
"Lane 2: Hs_hESC_beta_cells_differentiation_D21_paired_seq_DNA_2 CGATGT",89.45
"Lane 2: Hs_hESC_beta_cells_differentiation_D21_paired_seq_DNA_7 CAGATC",87.21
"Lane 2: Undetermined ",77.56
"Lane 3: mAdip_1 GGTACCTT+AAGACGTC",94.05
"Lane 3: pAdip_1 AGTTCAGG+CCAACAGA",94.04
"Lane 3: AciCtlOMPM_1 ATCCACTG+AGGTGCGT",91.52
"Lane 3: 5D_w1118_virgin_2 ACACTAAG+ATCCATAT",91.28
"Lane 3: No_exo_2 AGGTTATA+CAGTTCCG",92.88
"Lane 3: WT_Basal_4 AACAGGTT+ATACCAAG",93.79
"Lane 3: MEK1_exo_2 TATCGCAC+CTTAGTGT",94.06
"Lane 3: mAdipCC_3 GTCGGAGC+GGTTATAA",91.1
"Lane 3: 5D_w1118_virgin18Hmethoprene_3 GTCTACAC+GCCAAGGT",92.13
"Lane 3: Control_24_h GTGAATAT+TCTCATTC",94.67
"Lane 3: WT_PolyIC_2 CAACAATG+CTTCACGG",92.52
"Lane 3: pAdip_2 GACCTGAA+TTGGTGAG",94.27
"Lane 3: GFP_exo_1 GAACCGCG+TGACCTTA",91.76
"Lane 3: 5D_w1118_virgin18Hethanol_1 CAATTAAC+CGAGATAT",92.82
"Lane 3: pAdip_3 TCTCTACT+CGCGGTTC",91
"Lane 3: 9609-GFP_3 GTATGTTC+AACAGGAA",93.29
"Lane 3: RPM298_100_u_IFNa_Rep_2 GCAATGCA+GGAACGTT",93.46
"Lane 3: WT_Basal_1 ACCTTGGC+GGCCTCAT",93.82
"Lane 3: KO_Basal_2 TGCGGCGT+CCTCGGTA",94.07
"Lane 3: WT_PolyIC_3 TGGTGGCA+TCCTGTAA",93.41
"Lane 3: PSMB_4_h TGCGAGAC+CATTGTTG",94.12
"Lane 3: 5D_w1118_24Hmated_2 CCTTCACC+GACGCTCC",90.41
"Lane 3: 5D_w1118_24Hmated_1 TTCCTGTT+AGTATCTT",90.4
"Lane 3: KO_Basal_1 GAATGAGA+GAGGCATT",94.42
"Lane 3: AciCtlDMEM_4 AAGTCCAA+TATGAGTA",93.39
"Lane 3: RPM252_Untreated_Rep_3 CTACGACA+GAGTCCAA",94.55
"Lane 3: AciCtlOMPM_4 TGGATCGA+GTGCGATA",92.12
"Lane 3: 9609-MEK1_1 ACGCACCT+GGTGAAGG",93.55
"Lane 3: A549_100_u_IFNa_Rep_1 TACCGAGG+CCTGAACT",94.13
"Lane 3: GFP_exo_2 CTCACCAA+CTAGGCAA",93.14
"Lane 3: RPM252_100_u_IFNa_Rep_3 ATATGGAT+CTGTATTA",94.39
"Lane 3: KO_Basal_3 CATAATAC+TTCTAACG",94.3
"Lane 3: AciCtlDMEM_3 GGACTTGG+CGCAGACG",90.15
"Lane 3: mAdipCC_1 ATGAGGCC+GTTAATTG",93.76
"Lane 3: 5D_w1118_virgin18Hethanol_2 TGGCCGGT+TAGAGCGC",92.5
"Lane 3: RPM252_100_u_IFNa_Rep_2 CGGACAAC+TCCGGATT",94.19
"Lane 3: 5D_w1118_virgin18Hmethoprene_2 ACTCGTGT+ATTGGAAC",91.33
"Lane 3: 5D_w1118_virgin_3 GTGTCGGA+GCTTGCGC",88.51
"Lane 3: WT_PolyIC_4 AGGCAGAG+AGAATGCC",93.51
"Lane 3: AciCtlOMPM_2 GCTTGTCA+GAACATAC",93.49
"Lane 3: Poly_IC_4_h CATAGAGT+TGCCACCA",94.02
"Lane 3: 9609-MEK1_2 TACTCATA+CCTGTGGC",91.87
"Lane 3: Control_4_h GACGTCTT+GGTTCACC",93.84
"Lane 3: KO_Basal_4 GATCTATC+ATGAGGCT",94.6
"Lane 3: No_exo_1 TCATCCTT+AGCGAGCT",92.22
"Lane 3: mAdipCC_2 ACTAAGAT+AACCGCGG",93.26
"Lane 3: RPM298_100_u_IFNa_Rep_1 ATGGCATG+AAGGTACC",93.27
"Lane 3: pAdipCC_4 GCACGGAC+GTCTCGCA",91.47
"Lane 3: 9609-MEK1_3 CGTCTGCG+TTCACAAT",93.21
"Lane 3: 5D_w1118_24Hmated_3 GCCACAGG+CATGCCAT",89.75
"Lane 3: mAdipAciCC_2 TCCAACGC+TTGGACTT",92.24
"Lane 3: A549_100_u_IFNa_Rep_2 CGTTAGAA+TTCAGGTC",93.56
"Lane 3: mAdip_3 GCAGAATT+ACCGGCCA",94.05
"Lane 3: AciCtlDMEM_2 TTATAACC+GATATCGA",88.44
"Lane 3: PSMB_24_h AACTGTAG+ACGCCGCA",93.92
"Lane 3: pAdipAciCC_2 TTGGACTC+GGAAGCAG",94.36
"Lane 3: WT_PolyIC_1 GGTGAACC+GCGTTGGA",93.65
"Lane 3: 5D_w1118_virgin18Hethanol_3 AGTACTCC+AACCTGTT",92.03
"Lane 3: pAdipAciCC_1 CCAAGTCT+AAGGATGA",92.96
"Lane 3: RPM298_Untreated_Rep_3 GGAGCGTC+GTCCGTGC",93.37
"Lane 3: MEK1_exo_1 TCTGTTGG+TCGAATGG",93.42
"Lane 3: Poly_IC_PSMB_4_h ACAGGCGC+CTCTGCCT",94.13
"Lane 3: pAdipAciCC_4 AATCCGGA+CTACAGTT",92.8
"Lane 3: A549_Untreated_Rep_3 AATGCCTC+TCGATCCA",94.45
"Lane 3: RPM298_Untreated_Rep_1 GCGCAAGC+TCACGCCG",93.14
"Lane 3: A549_Untreated_Rep_2 GGCATTCT+CTAGCTTG",93.56
"Lane 3: A549_Untreated_Rep_1 TTACAGGA+TGACAAGC",93.81
"Lane 3: A549_100_u_IFNa_Rep_3 AGCCTCAT+AGTAGAGA",94.4
"Lane 3: AciCtlDMEM_1 CCGCGGTT+AGCGCTAG",92.51
"Lane 3: mAdip_2 AACGTTCC+GGAGTACT",94.02
"Lane 3: pAdipCC_2 CGGCGTGA+GCGCCTGT",91.65
"Lane 3: RPM298_Untreated_Rep_2 AAGATACT+ACTTACAT",93.85
"Lane 3: 5D_w1118_virgin_1 CCATTCGA+GTTGTCCG",92.9
"Lane 3: WT_Basal_3 GCGCTCTA+GCTCCGAC",94.08
"Lane 3: Poly_IC_PSMB_24_h CTGCTTCC+GATAGATC",94.07
"Lane 3: pAdip_4 CTCTCGTC+TATAACCT",93.22
"Lane 3: KO_PolyIC_4 TTGCCTAG+ACCACTTA",93.69
"Lane 3: pAdipCC_1 TAATACAG+ATATTCAC",92.72
"Lane 3: mAdipAciCC_3 CCGTGAAG+CAGTGGAT",91.55
"Lane 3: KO_PolyIC_1 AGCTCGCT+GCAGAATC",93.37
"Lane 3: AciCtlOMPM_3 CAAGCTAG+ACATAGCG",91.82
"Lane 3: 9609-GFP_1 CGCTATGT+TCCGACAC",92.59
"Lane 3: Poly_IC_24_h GGTCACGA+GTATTATG",94.23
"Lane 3: RPM298_100_u_IFNa_Rep_3 GTTCCAAT+AATTCTGC",94.07
"Lane 3: mAdipAciCC_1 CTTGGTAT+CCAAGTCC",90.34
"Lane 3: KO_PolyIC_3 TAAGGTCA+TGTCGTAG",94.45
"Lane 3: WT_Basal_2 ATATCTCG+ATCTTAGT",94.35
"Lane 3: KO_PolyIC_2 CGGAACTG+CACTACGA",93.78
"Lane 3: pAdipCC_3 ATGTAAGT+ACTCTATG",90.93
"Lane 3: pAdipAciCC_3 GGCTTAAG+TCGTGACC",93.59
"Lane 3: RPM252_Untreated_Rep_1 GATTCTGC+GACGAGAG",94.04
"Lane 3: 5D_w1118_virgin18Hmethoprene_1 ATTGTGAA+TGCATTGC",90.22
"Lane 3: RPM252_100_u_IFNa_Rep_1 TAAGTGGT+CTTAAGCC",94.03
"Lane 3: RPM252_Untreated_Rep_2 TCGTAGTG+AGACTTGG",94.34
"Lane 3: Undetermined ",84.64
"Lane 4: Spike-1-IP ATTACTCG+ATAGAGGC",91.34
"Lane 4: nsp5-2-IN GAATTCGT+TATAGCCT",91.04
"Lane 4: nsp12-1-IP CGCTCATT+GGCTCTGA",91.43
"Lane 4: orf8-2-IP TCCGGAGA+TAATCTTA",86.41
"Lane 4: nsp3-2-IN GAGATTCC+CAGGACGT",93.1
"Lane 4: nsp6-2-IN GAATTCGT+CAGGACGT",92.7
"Lane 4: nsp3-1-IP CGCTCATT+GTACTGAC",92.47
"Lane 4: nsp13-1-IN ATTCAGAA+CCTATCCT",90.91
"Lane 4: nsp6-1-IN ATTCAGAA+CAGGACGT",92.33
"Lane 4: nsp9-2-IP TCCGGAGA+GGCTCTGA",87.58
"Lane 4: nsp1-1-IN CGCTCATT+TATAGCCT",90.39
"Lane 4: nsp13-2-IP GAATTCGT+GGCTCTGA",90.57
"Lane 4: nsp7-2-IP TAATGCGC+ATAGAGGC",92.04
"Lane 4: nsp5-1-IP ATTCAGAA+ATAGAGGC",92.44
"Lane 4: nsp6-1-IP ATTCAGAA+GTACTGAC",92.32
"Lane 4: orf8-2-IN TCCGGAGA+AGGCGAAG",90.8
"Lane 4: orf3b-2-IN TAATGCGC+CCTATCCT",90.28
"Lane 4: Spike-2-IP TCCGGAGA+ATAGAGGC",86.15
"Lane 4: orf7b-1-IP CGCTCATT+TAATCTTA",89.5
"Lane 4: nsp12-1-IN CGCTCATT+CCTATCCT",90.86
"Lane 4: orf8-1-IP ATTACTCG+TAATCTTA",87.07
"Lane 4: orf9b-1-IP ATTCAGAA+TAATCTTA",89.83
"Lane 4: nsp5-2-IP GAATTCGT+ATAGAGGC",92.77
"Lane 4: nsp7-2-IN TAATGCGC+TATAGCCT",90.86
"Lane 4: nsp9-1-IN ATTACTCG+CCTATCCT",90.51
"Lane 4: orf7b-1-IN CGCTCATT+AGGCGAAG",91.76
"Lane 4: orf9b-2-IP GAATTCGT+TAATCTTA",90.27
"Lane 4: orf9c-1-IP CTGAAGCT+TAATCTTA",90.72
"Lane 4: nsp2-1-IP ATTACTCG+GTACTGAC",91.44
"Lane 4: nsp13-1-IP ATTCAGAA+GGCTCTGA",89.74
"Lane 4: nsp3-1-IN CGCTCATT+CAGGACGT",92.75
"Lane 4: nsp1-2-IN GAGATTCC+TATAGCCT",90.39
"Lane 4: orf9b-1-IN ATTCAGAA+AGGCGAAG",91.96
"Lane 4: orf3b-1-IN CTGAAGCT+CCTATCCT",90.49
"Lane 4: orf9b-2-IN GAATTCGT+AGGCGAAG",92.04
"Lane 4: nsp12-2-IN GAGATTCC+CCTATCCT",90.97
"Lane 4: orf7b-2-IP GAGATTCC+TAATCTTA",90.59
"Lane 4: Spike-2-IN TCCGGAGA+TATAGCCT",87.05
"Lane 4: nsp1-2-IP GAGATTCC+ATAGAGGC",90.23
"Lane 4: nsp9-1-IP ATTACTCG+GGCTCTGA",87.02
"Lane 4: orf3b-2-IP TAATGCGC+GGCTCTGA",90.33
"Lane 4: nsp2-1-IN ATTACTCG+CAGGACGT",92.38
"Lane 4: nsp9-2-IN TCCGGAGA+CCTATCCT",90.04
"Lane 4: orf9c-2-IP TAATGCGC+TAATCTTA",90.13
"Lane 4: nsp6-2-IP GAATTCGT+GTACTGAC",92.55
"Lane 4: nsp7-1-IP CTGAAGCT+ATAGAGGC",92.35
"Lane 4: nsp5-1-IN ATTCAGAA+TATAGCCT",91.12
"Lane 4: orf9c-1-IN CTGAAGCT+AGGCGAAG",91.78
"Lane 4: nsp13-2-IN GAATTCGT+CCTATCCT",90.9
"Lane 4: nsp7-1-IN CTGAAGCT+TATAGCCT",91.06
"Lane 4: nsp3-2-IP GAGATTCC+GTACTGAC",92.71
"Lane 4: nsp2-2-IN TCCGGAGA+CAGGACGT",91.84
"Lane 4: nsp12-2-IP GAGATTCC+GGCTCTGA",91.98
"Lane 4: orf7b-2-IN GAGATTCC+AGGCGAAG",91.91
"Lane 4: nsp2-2-IP TCCGGAGA+GTACTGAC",90.99
"Lane 4: Spike-1-IN ATTACTCG+TATAGCCT",89.7
"Lane 4: orf8-1-IN ATTACTCG+AGGCGAAG",92.2
"Lane 4: orf3b-1-IP CTGAAGCT+GGCTCTGA",90.74
"Lane 4: nsp1-1-IP CGCTCATT+ATAGAGGC",92.44
"Lane 4: orf9c-2-IN TAATGCGC+AGGCGAAG",91.75
"Lane 4: Undetermined ",74.28