"Sample","%Index"
"Lane 1: 32 TTGAGCCT+TCATTCGA",96.71
"Lane 1: M2007_InteO_l12_K4m3_CdKO GGCGTCGA+CGGACTGC",98.78
"Lane 1: DK_05 CGGCTATG+AGGCGAAG",96.99
"Lane 1: M2007_InteO_l12_T4sc_CdKO TTCCATAT+ACATTCGT",97.84
"Lane 1: 4L1 ATATGGAT+CTGTATTA",97.09
"Lane 1: DK_19 TCTCGCGC+CCTATCCT",96.86
"Lane 1: JA05 GAACCGCG+TGACCTTA",96.47
"Lane 1: 44 GGTCCAGA+CGGTTCTT",97.11
"Lane 1: 55 GACAGTAA+GCGATTAC",97.72
"Lane 1: 27 TGTCGGAT+TCAGGCTT",97.7
"Lane 1: DICE_C1 ATTACTCG+TATAGCCT",97.56
"Lane 1: ENT3 GGAGCGTC+GTCCGTGC",97.84
"Lane 1: DK_B3L ATTCAGAA+CCTATCCT",96.39
"Lane 1: DK_08 CGGCTATG+GTACTGAC",96.68
"Lane 1: M2007_InteO_l12_K36m2_GWT ATAAGTTA+GCAGCCTC",98.53
"Lane 1: JA02 CTGCTTCC+GATAGATC",96.99
"Lane 1: EH1 AAGATACT+ACTTACAT",97.67
"Lane 1: DK_16 TCCGCGAA+GTACTGAC",96.85
"Lane 1: AM_E3 GAATTCGT+CCTATCCT",97.39
"Lane 1: 31 AAGGATGT+CACTTCAT",97.68
"Lane 1: 35 CATGCTTA+ATGAATTA",97.16
"Lane 1: M2007_M7_YPabc_wt CTCTCTAC+AAGGAGTA",98.03
"Lane 1: RP_sCas9_1 ATTACTCG+CCTATCCT",96.3
"Lane 1: 11_1_4 GACGTCTT+GGTTCACC",97.76
"Lane 1: NK05_w1118_5wk GTTCCAAT+AATTCTGC",97.97
"Lane 1: DK_21 TCTCGCGC+AGGCGAAG",97.12
"Lane 1: DICE_L1 CGCTCATT+TATAGCCT",97.66
"Lane 1: 29 AGCAATTC+CTGCTCCT",96.7
"Lane 1: CMYC_F_2 CGCTCATT+TAATCTTA",97.51
"Lane 1: DK_09 TCCGCGAA+TATAGCCT",96.81
"Lane 1: JA06 CTCACCAA+CTAGGCAA",97.56
"Lane 1: M2007_InteO_l12_K9m3_GWT ACAAAGTG+AGCCGTTC",96.6
"Lane 1: RP_sCas9_6 ATTACTCG+GTACTGAC",96.01
"Lane 1: M2007_M7_K36m2_wt TGCTGGGT+GTGTATCG",96.53
"Lane 1: M2007_InteO_l12_K27m3_GWT GTGATAGC+TGCATACT",97.43
"Lane 1: CMYC_F3H_1 CGCTCATT+CCTATCCT",97.81
"Lane 1: DK_13 TCCGCGAA+AGGCGAAG",97.12
"Lane 1: 11_1_1 TGGCCGGT+TAGAGCGC",97.32
"Lane 1: M2007_InteO_l12_T4sc_GWT CGCGGACA+GGTTCAAT",97.92
"Lane 1: 2 GCCACAGG+CATGCCAT",97.62
"Lane 1: DICE_P2 CGCTCATT+ATAGAGGC",97.43
"Lane 1: M2007_InteO_l12_K36m2_CdKO ATCACTCG+TCCGAGTT",97.71
"Lane 1: M2007_M7_K27ac_wt TAAGGCGA+TAGATCGC",98.69
"Lane 1: M2007_InteO_l12_K27m3_CdKO AGTAGATT+GGGCTTGG",94.96
"Lane 1: M2007_InteO_l12_YPabc_GWT GTGTGGTG+TTCGTGCA",97.76
"Lane 1: DK_A1R CTGAAGCT+ATAGAGGC",91.98
"Lane 1: RP_sCas9_4 ATTACTCG+TAATCTTA",97.11
"Lane 1: MB_1 GAGATTCC+TATAGCCT",97.71
"Lane 1: CMYC_F3H_2 CGCTCATT+GGCTCTGA",97.62
"Lane 1: DICE_L2 ATTACTCG+ATAGAGGC",97.29
"Lane 1: DK_E2L ATTCAGAA+GTACTGAC",92.77
"Lane 1: M2007_M7_K9m3_wt TGGATCTG+TTTCTAGC",98.13
"Lane 1: YH1 ATGGCATG+AAGGTACC",96.83
"Lane 1: JA03 TCATCCTT+AGCGAGCT",98.01
"Lane 1: DK_A1L CTGAAGCT+TATAGCCT",95.53
"Lane 1: RP_sCas9_2 ATTACTCG+GGCTCTGA",96.9
"Lane 1: DK_03 CGGCTATG+CCTATCCT",96.69
"Lane 1: 49 TTGAATAG+TCCATAAC",93.25
"Lane 1: Fe_HSC_5 GCGCTCTA+GCTCCGAC",98.45
"Lane 1: DK_B2L TAATGCGC+GGCTCTGA",94.52
"Lane 1: AM_E1 GAGATTCC+CCTATCCT",97.71
"Lane 1: MB_2 GAGATTCC+ATAGAGGC",97.33
"Lane 1: DK_01 CGGCTATG+TATAGCCT",96.74
"Lane 1: JA08 TATCGCAC+CTTAGTGT",97.83
"Lane 1: M2007_M7_K27ac_Eko17 AGGCAGAA+TATCCTCT",97.55
"Lane 1: CMYC_FH_2 GAGATTCC+GTACTGAC",97.45
"Lane 1: DK_A3R TAATGCGC+TATAGCCT",94.74
"Lane 1: DK_17 TCTCGCGC+TATAGCCT",97.11
"Lane 1: DK_A2L CTGAAGCT+CCTATCCT",95.6
"Lane 1: DK_B3R ATTCAGAA+ATAGAGGC",93.23
"Lane 1: DK_B1R TAATGCGC+CCTATCCT",94.96
"Lane 1: M2007_M7_K4m1_dko GTAGAGGA+GTCGGACT",97.46
"Lane 1: M2007_M7pit_CHAv3_wt TAGGCATG+ACTGCATA",97.75
"Lane 1: DK_22 TCTCGCGC+CAGGACGT",97.32
"Lane 1: M2007_InteO_l12_YPabc_CdKO TGGGTTTC+AGGTTGCC",98.66
"Lane 1: 47 AACTTGAC+GCTAGCAG",97.69
"Lane 1: DK_06 CGGCTATG+TAATCTTA",96.52
"Lane 1: 37 CATAGCGA+GACGGTTA",95.71
"Lane 1: 43 TGTTCCGA+TTAGCCAG",96.44
"Lane 1: DK_11 TCCGCGAA+CCTATCCT",97.12
"Lane 1: RP_sCas9_8 TCCGGAGA+GGCTCTGA",74.53
"Lane 1: 5 GTCTACAC+GCCAAGGT",97.85
"Lane 1: DK_04 CGGCTATG+GGCTCTGA",96.5
"Lane 1: 33 CACATCCT+GCTGCACT",96.88
"Lane 1: AM_S1 GAGATTCC+GGCTCTGA",97.4
"Lane 1: 26 GTATAACA+TGCTTCAC",96.96
"Lane 1: RP_sCas9_5 ATTACTCG+CAGGACGT",96.97
"Lane 1: JA01 GGTCACGA+GTATTATG",96.74
"Lane 1: DK_18 TCTCGCGC+ATAGAGGC",96.76
"Lane 1: Tn012_Tn_CD8 ATATCTCG+ATCTTAGT",95.89
"Lane 1: AM_E2 AGCGATAG+CCTATCCT",94.85
"Lane 1: CMYC_FH_1 GAGATTCC+CAGGACGT",98.04
"Lane 1: M2007_InteO_l12_CdKO TGACCAAT+TCTTTCCC",97.32
"Lane 1: JA04 AGGTTATA+CAGTTCCG",97.82
"Lane 1: RP_sCas9_7 TCCGGAGA+CCTATCCT",80.32
"Lane 1: M2007_M7_K27ac_dko CGTACTAG+CTCTCTAT",95.7
"Lane 1: M2007_M7_K9m3_dko CCGTTTGT+TAACCAAG",96.81
"Lane 1: 48 ATTCTAGG+TTCTTGGC",97
"Lane 1: NK04_w1118_1wk GCAATGCA+GGAACGTT",97.46
"Lane 1: M2007_InteO_l12_K27ac_CdKO TTGCTAAG+GCAAATTT",97.2
"Lane 1: DICE_C2 TCCGGAGA+TATAGCCT",97.59
"Lane 1: 50 TCTGGCGA+AATTCAAC",97.62
"Lane 1: 39 GCACATCT+AACCTCTT",97.11
"Lane 1: CMYC_F_1 CGCTCATT+AGGCGAAG",97.81
"Lane 1: 41 TGCTCGAC+ATCCTTAA",97.46
"Lane 1: AM_S2 AGCGATAG+GGCTCTGA",94.91
"Lane 1: 52 ATTATGTT+CTGTATTC",96.47
"Lane 1: M2007_M7_BRD4_wt GCTACGCT+TGGAAATC",95.65
"Lane 1: DK_14 TCTCGCGC+GTACTGAC",96.65
"Lane 1: 56 CCTTCGCA+CATCACTT",97.45
"Lane 1: DK_15 TCCGCGAA+CAGGACGT",97.5
"Lane 1: 45 TCGGAATG+CTACATTG",97.24
"Lane 1: DK_C1 ATTCAGAA+AGGCGAAG",96.38
"Lane 1: 6NT3 GCGCAAGC+TCACGCCG",98.33
"Lane 1: 54 GAAGAAGT+CTATTAGC",96.57
"Lane 1: M2007_InteO_l12_YPcst_GWT TGGTCACA+CCTTATGT",97.19
"Lane 1: RP_sCas9_10 TCCGGAGA+GTACTGAC",80.77
"Lane 1: M2007_M7pit_NHAv3_wt GGACTCCT+GTAAGGAG",97.45
"Lane 1: RP_sCas9_9 TCCGGAGA+AGGCGAAG",84.86
"Lane 1: CMYC_NC_2 CGCTCATT+GTACTGAC",97.51
"Lane 1: 1 CCTTCACC+GACGCTCC",97.53
"Lane 1: 11_1_2 AGTACTCC+AACCTGTT",97.61
"Lane 1: DK_B3L_ ATTCAGAA+TATAGCCT",96.25
"Lane 1: DK_A2R CTGAAGCT+GGCTCTGA",94.66
"Lane 1: 30 CCTATGCC+CAAGCTTA",97.63
"Lane 1: M2007_InteO_l12_K9m3_CdKO TACTTGAA+ATTGGGTC",96.78
"Lane 1: DK_E3L CTGAAGCT+CAGGACGT",95.14
"Lane 1: 25 ACACGATC+AATACCAT",97.42
"Lane 1: DK_B2R TAATGCGC+AGGCGAAG",95.07
"Lane 1: 28 AGGATCTA+GAACTTCG",97.34
"Lane 1: 40 CCTACCAT+GCTTCCTA",97.19
"Lane 1: M2007_M7_BRD4_dko CGAGGCTG+AACATGAT",95.93
"Lane 1: NK15_LamCir_1wk ACCTTGGC+GGCCTCAT",97.23
"Lane 1: DK_E1L ATTCAGAA+CAGGACGT",96.19
"Lane 1: M2007_InteO_l12_YPcst_CdKO TTGACCCT+CAGCAACG",95.63
"Lane 1: DK_A3L CTGAAGCT+AGGCGAAG",95.48
"Lane 1: M2007_InteO_l12_GWT CGATGTAT+TCTTTCCC",97.66
"Lane 1: DK_02 CGGCTATG+ATAGAGGC",96.4
"Lane 1: M2007_InteO_l12_K4m3_GWT AATTCGTT+GATTCCCA",97.67
"Lane 1: RP_sCas9_3 ATTACTCG+AGGCGAAG",97.05
"Lane 1: DK_B1L TAATGCGC+ATAGAGGC",91.81
"Lane 1: 53 ATTGTCTG+TTCACAGA",97.17
"Lane 1: M2007_M7_YPabc_dko CAGAGAGG+CTAAGCCT",96.89
"Lane 1: 42 CCAGTTAG+CCTGTCAT",96.8
"Lane 1: CMYC_Tera_1 GAGATTCC+AGGCGAAG",97.75
"Lane 1: M2007_M7_K4m1_wt AAGAGGCA+TGATGAAA",96.62
"Lane 1: 46 ATAGCGTC+TACTCCAG",96.65
"Lane 1: JA07 TCTGTTGG+TCGAATGG",97.14
"Lane 1: AM_S3 GAATTCGT+GGCTCTGA",97.25
"Lane 1: 6 CAATTAAC+CGAGATAT",97.9
"Lane 1: DK_10 TCCGCGAA+ATAGAGGC",96.59
"Lane 1: DICE_P1 TCCGGAGA+ATAGAGGC",97.41
"Lane 1: 3 ATTGTGAA+TGCATTGC",97.92
"Lane 1: M2007_InteO_l12_K27ac_GWT ATTGCCGG+GACGTGGC",98.01
"Lane 1: CMYC_Tera_2 GAGATTCC+TAATCTTA",97.45
"Lane 1: 36 AAGTAGAG+ATCGACTG",69.57
"Lane 1: M2007_M7_K36m2_dko AGGTTGGG+TCCATCAA",97.29
"Lane 1: 51 TAATGAAC+CTTGGCTT",97.26
"Lane 1: M2007_M7_K27ac_Eko18 TCCTGAGC+AGAGTAGA",97.22
"Lane 1: 38 AGTTGCTT+TAGCATTG",96.92
"Lane 1: 4 ACTCGTGT+ATTGGAAC",96.83
"Lane 1: 34 TTCGCTGA+CGCATATT",97.31
"Lane 1: DK_B4R ATTCAGAA+GGCTCTGA",96.41
"Lane 1: CMYC_NC_1 CGCTCATT+CAGGACGT",98.13
"Lane 1: DK_07 CGGCTATG+CAGGACGT",97.07
"Lane 1: DK_20 TCTCGCGC+GGCTCTGA",96.69
"Lane 1: DK_12 TCCGCGAA+GGCTCTGA",96.79
"Lane 1: Undetermined ",100
"Lane 2: Hs_hESC_beta_cells_differentiation_D39_paired_seq_DNA_5 CGGAAT",98.24
"Lane 2: Hs_hESC_beta_cells_differentiation_D39_paired_seq_DNA_3 CATTTT",98.09
"Lane 2: Hs_hESC_beta_cells_differentiation_D32_paired_seq_DNA_3 GTGAAA",97.59
"Lane 2: Hs_hESC_beta_cells_differentiation_D39_paired_seq_DNA_7 CTATAC",98.15
"Lane 2: Hs_hESC_beta_cells_differentiation_D39_paired_seq_DNA_6 CTAGCT",97.79
"Lane 2: Hs_hESC_beta_cells_differentiation_D21_paired_seq_DNA_3 TTAGGC",97.85
"Lane 2: Hs_hESC_beta_cells_differentiation_D39_paired_seq_DNA_8 AACGGA",98.39
"Lane 2: Hs_hESC_beta_cells_differentiation_D39_paired_seq_DNA_1 CAGGCG",98.52
"Lane 2: Hs_hESC_beta_cells_differentiation_D21_paired_seq_DNA_6 GCCAAT",98.54
"Lane 2: Hs_hESC_beta_cells_differentiation_D32_paired_seq_DNA_1 GTAGAG",66
"Lane 2: Hs_hESC_beta_cells_differentiation_D32_paired_seq_DNA_4 GTGGCC",98.49
"Lane 2: Hs_hESC_beta_cells_differentiation_D21_paired_seq_DNA_5 ACAGTG",97.79
"Lane 2: Hs_hESC_beta_cells_differentiation_D32_paired_seq_DNA_2 GTCCGC",97.93
"Lane 2: Hs_hESC_beta_cells_differentiation_D39_paired_seq_DNA_2 CATGGC",98.27
"Lane 2: Hs_hESC_beta_cells_differentiation_D39_paired_seq_DNA_4 CCAACA",97.5
"Lane 2: Hs_hESC_beta_cells_differentiation_D21_paired_seq_DNA_4 TGACCA",97.8
"Lane 2: Hs_hESC_beta_cells_differentiation_D21_paired_seq_DNA_8 ACTTGA",97.54
"Lane 2: Hs_hESC_beta_cells_differentiation_D32_paired_seq_DNA_6 CGTACG",98.47
"Lane 2: Hs_hESC_beta_cells_differentiation_D32_paired_seq_DNA_7 GAGTGG",97.56
"Lane 2: Hs_hESC_beta_cells_differentiation_D21_paired_seq_DNA_1 ATCACG",97.82
"Lane 2: Hs_hESC_beta_cells_differentiation_D32_paired_seq_DNA_5 GTTTCG",98.43
"Lane 2: Hs_hESC_beta_cells_differentiation_D32_paired_seq_DNA_8 GGTAGC",98.76
"Lane 2: Hs_hESC_beta_cells_differentiation_D21_paired_seq_DNA_2 CGATGT",98.19
"Lane 2: Hs_hESC_beta_cells_differentiation_D21_paired_seq_DNA_7 CAGATC",97.91
"Lane 2: Undetermined ",100
"Lane 3: mAdip_1 GGTACCTT+AAGACGTC",96.94
"Lane 3: pAdip_1 AGTTCAGG+CCAACAGA",97.37
"Lane 3: AciCtlOMPM_1 ATCCACTG+AGGTGCGT",97.91
"Lane 3: 5D_w1118_virgin_2 ACACTAAG+ATCCATAT",97.14
"Lane 3: No_exo_2 AGGTTATA+CAGTTCCG",97.92
"Lane 3: WT_Basal_4 AACAGGTT+ATACCAAG",97.22
"Lane 3: MEK1_exo_2 TATCGCAC+CTTAGTGT",97.67
"Lane 3: mAdipCC_3 GTCGGAGC+GGTTATAA",95.34
"Lane 3: 5D_w1118_virgin18Hmethoprene_3 GTCTACAC+GCCAAGGT",97.77
"Lane 3: Control_24_h GTGAATAT+TCTCATTC",97.52
"Lane 3: WT_PolyIC_2 CAACAATG+CTTCACGG",97.99
"Lane 3: pAdip_2 GACCTGAA+TTGGTGAG",94.25
"Lane 3: GFP_exo_1 GAACCGCG+TGACCTTA",96.25
"Lane 3: 5D_w1118_virgin18Hethanol_1 CAATTAAC+CGAGATAT",97.85
"Lane 3: pAdip_3 TCTCTACT+CGCGGTTC",97.77
"Lane 3: 9609-GFP_3 GTATGTTC+AACAGGAA",97.91
"Lane 3: RPM298_100_u_IFNa_Rep_2 GCAATGCA+GGAACGTT",97.09
"Lane 3: WT_Basal_1 ACCTTGGC+GGCCTCAT",96.32
"Lane 3: KO_Basal_2 TGCGGCGT+CCTCGGTA",97.94
"Lane 3: WT_PolyIC_3 TGGTGGCA+TCCTGTAA",97.59
"Lane 3: PSMB_4_h TGCGAGAC+CATTGTTG",97.53
"Lane 3: 5D_w1118_24Hmated_2 CCTTCACC+GACGCTCC",97.47
"Lane 3: 5D_w1118_24Hmated_1 TTCCTGTT+AGTATCTT",97.28
"Lane 3: KO_Basal_1 GAATGAGA+GAGGCATT",96.27
"Lane 3: AciCtlDMEM_4 AAGTCCAA+TATGAGTA",97.03
"Lane 3: RPM252_Untreated_Rep_3 CTACGACA+GAGTCCAA",97.33
"Lane 3: AciCtlOMPM_4 TGGATCGA+GTGCGATA",97.56
"Lane 3: 9609-MEK1_1 ACGCACCT+GGTGAAGG",97.85
"Lane 3: A549_100_u_IFNa_Rep_1 TACCGAGG+CCTGAACT",97.78
"Lane 3: GFP_exo_2 CTCACCAA+CTAGGCAA",97.55
"Lane 3: RPM252_100_u_IFNa_Rep_3 ATATGGAT+CTGTATTA",97.34
"Lane 3: KO_Basal_3 CATAATAC+TTCTAACG",97.62
"Lane 3: AciCtlDMEM_3 GGACTTGG+CGCAGACG",97.97
"Lane 3: mAdipCC_1 ATGAGGCC+GTTAATTG",96.51
"Lane 3: 5D_w1118_virgin18Hethanol_2 TGGCCGGT+TAGAGCGC",97.12
"Lane 3: RPM252_100_u_IFNa_Rep_2 CGGACAAC+TCCGGATT",97.67
"Lane 3: 5D_w1118_virgin18Hmethoprene_2 ACTCGTGT+ATTGGAAC",97
"Lane 3: 5D_w1118_virgin_3 GTGTCGGA+GCTTGCGC",97.38
"Lane 3: WT_PolyIC_4 AGGCAGAG+AGAATGCC",54.54
"Lane 3: AciCtlOMPM_2 GCTTGTCA+GAACATAC",96.98
"Lane 3: Poly_IC_4_h CATAGAGT+TGCCACCA",96.8
"Lane 3: 9609-MEK1_2 TACTCATA+CCTGTGGC",98.01
"Lane 3: Control_4_h GACGTCTT+GGTTCACC",97.69
"Lane 3: KO_Basal_4 GATCTATC+ATGAGGCT",96.72
"Lane 3: No_exo_1 TCATCCTT+AGCGAGCT",98.07
"Lane 3: mAdipCC_2 ACTAAGAT+AACCGCGG",91.08
"Lane 3: RPM298_100_u_IFNa_Rep_1 ATGGCATG+AAGGTACC",96.36
"Lane 3: pAdipCC_4 GCACGGAC+GTCTCGCA",97.88
"Lane 3: 9609-MEK1_3 CGTCTGCG+TTCACAAT",97.48
"Lane 3: 5D_w1118_24Hmated_3 GCCACAGG+CATGCCAT",97.31
"Lane 3: mAdipAciCC_2 TCCAACGC+TTGGACTT",96.91
"Lane 3: A549_100_u_IFNa_Rep_2 CGTTAGAA+TTCAGGTC",97.91
"Lane 3: mAdip_3 GCAGAATT+ACCGGCCA",97.29
"Lane 3: AciCtlDMEM_2 TTATAACC+GATATCGA",97.12
"Lane 3: PSMB_24_h AACTGTAG+ACGCCGCA",98.15
"Lane 3: pAdipAciCC_2 TTGGACTC+GGAAGCAG",96.74
"Lane 3: WT_PolyIC_1 GGTGAACC+GCGTTGGA",97.12
"Lane 3: 5D_w1118_virgin18Hethanol_3 AGTACTCC+AACCTGTT",97.65
"Lane 3: pAdipAciCC_1 CCAAGTCT+AAGGATGA",96.77
"Lane 3: RPM298_Untreated_Rep_3 GGAGCGTC+GTCCGTGC",97.81
"Lane 3: MEK1_exo_1 TCTGTTGG+TCGAATGG",97.22
"Lane 3: Poly_IC_PSMB_4_h ACAGGCGC+CTCTGCCT",97.94
"Lane 3: pAdipAciCC_4 AATCCGGA+CTACAGTT",97.59
"Lane 3: A549_Untreated_Rep_3 AATGCCTC+TCGATCCA",97.4
"Lane 3: RPM298_Untreated_Rep_1 GCGCAAGC+TCACGCCG",98.12
"Lane 3: A549_Untreated_Rep_2 GGCATTCT+CTAGCTTG",97.34
"Lane 3: A549_Untreated_Rep_1 TTACAGGA+TGACAAGC",95.66
"Lane 3: A549_100_u_IFNa_Rep_3 AGCCTCAT+AGTAGAGA",97.28
"Lane 3: AciCtlDMEM_1 CCGCGGTT+AGCGCTAG",97.97
"Lane 3: mAdip_2 AACGTTCC+GGAGTACT",97.12
"Lane 3: pAdipCC_2 CGGCGTGA+GCGCCTGT",97.73
"Lane 3: RPM298_Untreated_Rep_2 AAGATACT+ACTTACAT",97.58
"Lane 3: 5D_w1118_virgin_1 CCATTCGA+GTTGTCCG",97.65
"Lane 3: WT_Basal_3 GCGCTCTA+GCTCCGAC",98.21
"Lane 3: Poly_IC_PSMB_24_h CTGCTTCC+GATAGATC",96.82
"Lane 3: pAdip_4 CTCTCGTC+TATAACCT",97.26
"Lane 3: KO_PolyIC_4 TTGCCTAG+ACCACTTA",97.39
"Lane 3: pAdipCC_1 TAATACAG+ATATTCAC",97.36
"Lane 3: mAdipAciCC_3 CCGTGAAG+CAGTGGAT",96.8
"Lane 3: KO_PolyIC_1 AGCTCGCT+GCAGAATC",96.29
"Lane 3: AciCtlOMPM_3 CAAGCTAG+ACATAGCG",97.56
"Lane 3: 9609-GFP_1 CGCTATGT+TCCGACAC",97.83
"Lane 3: Poly_IC_24_h GGTCACGA+GTATTATG",96.87
"Lane 3: RPM298_100_u_IFNa_Rep_3 GTTCCAAT+AATTCTGC",97.65
"Lane 3: mAdipAciCC_1 CTTGGTAT+CCAAGTCC",97.48
"Lane 3: KO_PolyIC_3 TAAGGTCA+TGTCGTAG",97.24
"Lane 3: WT_Basal_2 ATATCTCG+ATCTTAGT",97.21
"Lane 3: KO_PolyIC_2 CGGAACTG+CACTACGA",97.05
"Lane 3: pAdipCC_3 ATGTAAGT+ACTCTATG",97.58
"Lane 3: pAdipAciCC_3 GGCTTAAG+TCGTGACC",97.18
"Lane 3: RPM252_Untreated_Rep_1 GATTCTGC+GACGAGAG",97.24
"Lane 3: 5D_w1118_virgin18Hmethoprene_1 ATTGTGAA+TGCATTGC",97.72
"Lane 3: RPM252_100_u_IFNa_Rep_1 TAAGTGGT+CTTAAGCC",97.48
"Lane 3: RPM252_Untreated_Rep_2 TCGTAGTG+AGACTTGG",96.94
"Lane 3: Undetermined ",100
"Lane 4: Spike-1-IP ATTACTCG+ATAGAGGC",97.14
"Lane 4: nsp5-2-IN GAATTCGT+TATAGCCT",97.31
"Lane 4: nsp12-1-IP CGCTCATT+GGCTCTGA",97.46
"Lane 4: orf8-2-IP TCCGGAGA+TAATCTTA",97.69
"Lane 4: nsp3-2-IN GAGATTCC+CAGGACGT",97.71
"Lane 4: nsp6-2-IN GAATTCGT+CAGGACGT",97.6
"Lane 4: nsp3-1-IP CGCTCATT+GTACTGAC",97.27
"Lane 4: nsp13-1-IN ATTCAGAA+CCTATCCT",97.47
"Lane 4: nsp6-1-IN ATTCAGAA+CAGGACGT",97.91
"Lane 4: nsp9-2-IP TCCGGAGA+GGCTCTGA",97.89
"Lane 4: nsp1-1-IN CGCTCATT+TATAGCCT",97.39
"Lane 4: nsp13-2-IP GAATTCGT+GGCTCTGA",97.58
"Lane 4: nsp7-2-IP TAATGCGC+ATAGAGGC",97.12
"Lane 4: nsp5-1-IP ATTCAGAA+ATAGAGGC",97.47
"Lane 4: nsp6-1-IP ATTCAGAA+GTACTGAC",97.37
"Lane 4: orf8-2-IN TCCGGAGA+AGGCGAAG",97.71
"Lane 4: orf3b-2-IN TAATGCGC+CCTATCCT",97.14
"Lane 4: Spike-2-IP TCCGGAGA+ATAGAGGC",97.52
"Lane 4: orf7b-1-IP CGCTCATT+TAATCTTA",97.44
"Lane 4: nsp12-1-IN CGCTCATT+CCTATCCT",97.27
"Lane 4: orf8-1-IP ATTACTCG+TAATCTTA",97.17
"Lane 4: orf9b-1-IP ATTCAGAA+TAATCTTA",97.6
"Lane 4: nsp5-2-IP GAATTCGT+ATAGAGGC",97.49
"Lane 4: nsp7-2-IN TAATGCGC+TATAGCCT",97.28
"Lane 4: nsp9-1-IN ATTACTCG+CCTATCCT",96.95
"Lane 4: orf7b-1-IN CGCTCATT+AGGCGAAG",97.49
"Lane 4: orf9b-2-IP GAATTCGT+TAATCTTA",97.51
"Lane 4: orf9c-1-IP CTGAAGCT+TAATCTTA",97.7
"Lane 4: nsp2-1-IP ATTACTCG+GTACTGAC",97
"Lane 4: nsp13-1-IP ATTCAGAA+GGCTCTGA",97.59
"Lane 4: nsp3-1-IN CGCTCATT+CAGGACGT",97.69
"Lane 4: nsp1-2-IN GAGATTCC+TATAGCCT",97.44
"Lane 4: orf9b-1-IN ATTCAGAA+AGGCGAAG",97.67
"Lane 4: orf3b-1-IN CTGAAGCT+CCTATCCT",97.25
"Lane 4: orf9b-2-IN GAATTCGT+AGGCGAAG",97.09
"Lane 4: nsp12-2-IN GAGATTCC+CCTATCCT",97.21
"Lane 4: orf7b-2-IP GAGATTCC+TAATCTTA",97.51
"Lane 4: Spike-2-IN TCCGGAGA+TATAGCCT",97.33
"Lane 4: nsp1-2-IP GAGATTCC+ATAGAGGC",97.41
"Lane 4: nsp9-1-IP ATTACTCG+GGCTCTGA",90.65
"Lane 4: orf3b-2-IP TAATGCGC+GGCTCTGA",97.58
"Lane 4: nsp2-1-IN ATTACTCG+CAGGACGT",97.53
"Lane 4: nsp9-2-IN TCCGGAGA+CCTATCCT",97.53
"Lane 4: orf9c-2-IP TAATGCGC+TAATCTTA",97.43
"Lane 4: nsp6-2-IP GAATTCGT+GTACTGAC",97.33
"Lane 4: nsp7-1-IP CTGAAGCT+ATAGAGGC",97.67
"Lane 4: nsp5-1-IN ATTCAGAA+TATAGCCT",97.36
"Lane 4: orf9c-1-IN CTGAAGCT+AGGCGAAG",97.7
"Lane 4: nsp13-2-IN GAATTCGT+CCTATCCT",97.63
"Lane 4: nsp7-1-IN CTGAAGCT+TATAGCCT",97.66
"Lane 4: nsp3-2-IP GAGATTCC+GTACTGAC",97.18
"Lane 4: nsp2-2-IN TCCGGAGA+CAGGACGT",98.03
"Lane 4: nsp12-2-IP GAGATTCC+GGCTCTGA",97.26
"Lane 4: orf7b-2-IN GAGATTCC+AGGCGAAG",97.57
"Lane 4: nsp2-2-IP TCCGGAGA+GTACTGAC",97.58
"Lane 4: Spike-1-IN ATTACTCG+TATAGCCT",97.03
"Lane 4: orf8-1-IN ATTACTCG+AGGCGAAG",97.37
"Lane 4: orf3b-1-IP CTGAAGCT+GGCTCTGA",97.63
"Lane 4: nsp1-1-IP CGCTCATT+ATAGAGGC",97.36
"Lane 4: orf9c-2-IN TAATGCGC+AGGCGAAG",97.5
"Lane 4: Undetermined ",100